project,month,days_t,net_tvl,borrowed,supply,util,days_f,fees,revenue,holders_rev,supply_side_rev,protocol_rev,ann,rev_to_supply,rev_to_borrow,fees_to_borrow,take,passthru,holders_share
aave-v3,2024-01,31,4809607657,2646359155,7455966811,0.3549,31,13139970,1697932,0,11442041,1697932,11.774193548387096,0.26813129010319037,0.7554447007779638,5.846241607367916,12.921886427442375,87.07813640365998,0.0
aave-v3,2024-02,29,5707352940,3266816503,8974169443,0.364,29,15259172,1944273,0,13314900,1944273,12.586206896551724,0.27268286382164436,0.7490785668220714,5.878967970368092,12.741667765459358,87.25833878797617,0.0
aave-v3,2024-03,31,8428978031,4751972307,13180950338,0.3605,31,33796048,4050939,0,29745104,4050939,11.774193548387096,0.3618596430122569,1.0037209132816118,8.37381164314476,11.986428117275723,88.01355708809503,0.0
aave-v3,2024-04,30,8636081545,4932992689,13569074234,0.3635,30,31536036,4148789,0,27387247,4148789,12.166666666666666,0.3719998281596351,1.0232517259936553,7.778005405432296,13.15570859952088,86.84429140047912,0.0
aave-v3,2024-05,31,9498953336,5384749469,14883702805,0.3618,31,26463905,3775870,0,22688053,3775870,11.774193548387096,0.2987013700556646,0.8256247472513263,5.786548497937723,14.268000130744122,85.73206788642871,0.0
aave-v3,2024-06,30,10811695596,7069099961,17880795557,0.3953,30,36857999,5682158,0,31175840,5682158,12.166666666666666,0.38663225085792713,0.9779593260066693,6.343650398316009,15.416349650451725,84.583647636433,0.0
aave-v3,2024-07,31,11060339557,7543235370,18603574927,0.4055,31,33849274,4886450,0,28962827,4886450,11.774193548387096,0.30926318350251636,0.7627232247495961,5.283514089106132,14.435907842513846,85.56410102030549,0.0
aave-v3,2024-08,31,10423565659,7022829084,17446394743,0.4025,31,39934025,5236914,0,34697122,5236914,11.774193548387096,0.3534279714552373,0.8779999953685056,6.695178451478443,13.11391476316249,86.88611278227026,0.0
aave-v3,2024-09,30,10573595769,7248809541,17822405310,0.4067,30,23628216,3577849,0,20050360,3577849,12.166666666666666,0.24424591074832122,0.600519242786747,3.965846065812643,15.142273119561796,84.85769725484141,0.0
aave-v3,2024-10,31,11745884940,8279565143,20025450083,0.4135,30,30529192,4329073,0,26200115,4329073,12.166666666666666,0.2630172502908167,0.6361492090100542,4.486207865405844,14.180109974741553,85.81987692304467,0.0
aave-v3,2024-11,30,15809025610,10704662513,26513688122,0.4037,30,48625674,6877381,0,41748280,6877381,12.166666666666666,0.31559095732606374,0.7816668864156153,5.526679297750225,14.143518092931732,85.85645517222034,0.0
aave-v3,2024-12,31,20304367057,14516397727,34820764784,0.4169,31,91575592,12536561,0,79039029,12536561,11.774193548387096,0.42390767853837175,1.0168355705122054,7.427660531170627,13.689849801899179,86.31014801411276,0.0
aave-v3,2025-01,31,20569806300,14475091078,35044897378,0.413,31,77427537,10355920,0,67071634,10355920,11.774193548387096,0.34793255387917915,0.842361583734229,6.298038483491627,13.374983114857445,86.62503884115544,0.0
aave-v3,2025-02,28,19280536450,12868982951,32149519401,0.4003,28,70183954,9134360,0,61049594,9134360,13.035714285714286,0.37037227728870314,0.925270533003577,7.109326162520256,13.01488371544299,86.98511628455701,0.0
aave-v3,2025-03,31,17610087329,11130695250,28740782579,0.3873,31,43173483,6247076,0,36926410,6247076,11.774193548387096,0.2559230310911148,0.6608237875840134,4.5669469299323415,14.469705860886878,85.53030108782282,0.0
aave-v3,2025-04,30,17744972089,10706898428,28451870517,0.3763,30,37491928,5202349,3030637,32289569,5202349,12.166666666666666,0.22246427042063102,0.5911632261415777,4.260354142089995,13.875917504162496,86.12405582342952,58.25516511868004
aave-v3,2025-05,31,22954665656,14537021507,37491687163,0.3877,31,45764370,6471160,4467515,39293214,6471160,11.774193548387096,0.20322555768515557,0.5241286207486976,3.70666404903187,14.14017061744759,85.85983812297646,69.03731324832025
aave-v3,2025-06,30,24642718809,16341751716,40984470526,0.3987,30,54582673,7713867,4063855,46868786,7713867,12.166666666666666,0.2289941709518036,0.5743083736127913,4.063757666300029,14.132446390084267,85.86751696825108,52.68246133878118
aave-v3,2025-07,31,29663071461,20292697647,49955769108,0.4062,31,75070467,10635214,3659464,64435254,10635214,11.774193548387096,0.2506638778672372,0.6170745272155984,4.355725510730596,14.166974610668134,85.83302672141363,34.40893620006142
aave-v3,2025-08,31,37098646499,26867708481,63966354979,0.42,31,107753988,15264443,3893658,92489552,15264443,11.774193548387096,0.28097037317403245,0.6689312801552075,4.722086035806801,14.166012120126819,85.83399437615246,25.508025415666985
aave-v3,2025-09,30,40536843225,28993158093,69530001319,0.417,30,113032137,15335717,3852694,97696416,15335717,12.166666666666666,0.2683511481285512,0.6435468541744737,4.743271943983326,13.567572379879891,86.43242408130352,25.122359782721603
aave-v3,2025-10,31,40205501392,27199367096,67404868488,0.4035,31,114663890,15012641,3807209,99651252,15012641,11.774193548387096,0.2622388334426025,0.6498744628232418,4.963625914918854,13.0927365188814,86.90726609746102,25.360021597798816
aave-v3,2025-11,30,31347460299,22620449895,53967910194,0.4191,30,95782744,12011840,3288105,83770913,12011840,12.166666666666666,0.2707980590836019,0.6460704982071858,5.151784001096528,12.540714014206985,87.45929538205755,27.37386611876282
aave-v3,2025-12,31,30793850345,21490132296,52283982641,0.411,31,70140245,8675051,2735258,61465178,8675051,11.774193548387096,0.19535950468324048,0.4752959549492437,3.8429024483716483,12.368150410652259,87.6318267779076,31.530166220348445
aave-v3,2026-01,31,32554389299,23019414135,55573803434,0.4142,31,80861986,10072762,2844382,70789218,10072762,11.774193548387096,0.21340747263355409,0.5152114152832182,4.136007407866064,12.456733377782731,87.54325920216701,28.238352102432284
aave-v3,2026-02,28,25949871317,17913386727,43863258044,0.4084,28,68890470,8644900,413512,60245558,8644900,13.035714285714286,0.2569176377995626,0.6290962627335871,5.013214405598712,12.548760372806283,87.45122220823868,4.783305764092124
aave-v3,2026-03,31,24494413971,16901578356,41395992326,0.4083,31,47350166,6201318,6155965,41148913,6201318,11.774193548387096,0.17638306097867634,0.4320041409693344,3.2985677863295177,13.09671860495695,86.90341867016897,99.26865546969209
aave-v3,2026-04,30,20900433361,16001745358,36902178720,0.4336,30,63078118,8201577,20188,54876403,8201577,12.166666666666666,0.27040640135949134,0.6235935597494839,4.796042047269445,13.002253808523584,86.99752741513309,0.24614778352992356
aave-v3,2026-05,31,13799929337,11226504984,25026434322,0.4486,31,51827230,6479702,135368,45347599,6479702,11.774193548387096,0.3048507210505965,0.679581629301408,5.435563765984733,12.502504957336132,87.49763203628672,2.089108418874819
aave-v3,2026-06,30,12088535465,9833804383,21922339848,0.4486,30,39812574,4933720,576548,34878857,4933720,12.166666666666666,0.273816239885283,0.6104140811509029,4.925726586928794,12.39236629111195,87.60764124419586,11.685867864410628
aave-v3,2026-07,31,13308966052,10407601317,23716567369,0.4388,31,29051259,3777704,0,25273512,3777704,11.774193548387096,0.18754576652039162,0.4273743460163342,3.286589636476585,13.003581015197998,86.99627097056276,0.0
aave-v3,2026-08,31,15215111387,11489283375,26704394762,0.4302,31,32386035,4423235,0,27962807,4423235,11.774193548387096,0.1950241728530361,0.4532921967380755,3.3189140863612714,13.657846661377349,86.34217495287707,0.0
compound-v3,2025-02,28,2048275232,900264665,2948539896,0.3053,18,2224136,0,0,2224136,0,20.27777777777778,0.0,0.0,5.009697404435568,0.0,100.0,
compound-v3,2025-03,31,1822625643,786440631,2609066274,0.3014,31,3126719,0,0,3126719,0,11.774193548387096,0.0,0.0,4.681166413109619,0.0,100.0,
compound-v3,2025-04,30,1737963585,728089106,2466052691,0.2952,30,2593628,0,0,2593628,0,12.166666666666666,0.0,0.0,4.334058437805184,0.0,100.0,
compound-v3,2025-05,31,2057041845,861112475,2918154320,0.2951,31,2981084,0,0,2981084,0,11.774193548387096,0.0,0.0,4.076106318167089,0.0,100.0,
compound-v3,2025-06,30,2067094440,876659910,2943754350,0.2978,30,3074467,0,0,3074467,0,12.166666666666666,0.0,0.0,4.266878722293422,0.0,100.0,
compound-v3,2025-07,31,2293565328,970666681,3264232009,0.2974,31,4600104,0,0,4600104,0,11.774193548387096,0.0,0.0,5.579929330932672,0.0,100.0,
compound-v3,2025-08,31,2314695158,1005906470,3320601628,0.3029,31,3991858,0,0,3991858,0,11.774193548387096,0.0,0.0,4.672492931641787,0.0,100.0,
compound-v3,2025-09,30,2280683798,1049045995,3329729794,0.3151,30,4079581,0,0,4079581,0,12.166666666666666,0.0,0.0,4.731432406513945,0.0,100.0,
compound-v3,2025-10,31,2248717720,1071228703,3319946424,0.3227,31,3807052,0,0,3807052,0,11.774193548387096,0.0,0.0,4.184444178095757,0.0,100.0,
compound-v3,2025-11,30,1713709901,869637407,2583347308,0.3366,30,2988007,0,0,2988007,0,12.166666666666666,0.0,0.0,4.180372747772873,0.0,100.0,
compound-v3,2025-12,31,1645116864,833108802,2478225666,0.3362,31,2602246,0,0,2602246,0,11.774193548387096,0.0,0.0,3.6777126818204144,0.0,100.0,
compound-v3,2026-01,31,1681493348,836498634,2517991982,0.3322,31,2676997,0,0,2676997,0,11.774193548387096,0.0,0.0,3.768025376889212,0.0,100.0,
compound-v3,2026-02,28,1275456743,590156125,1865612869,0.3163,28,1468925,0,0,1468925,0,13.035714285714286,0.0,0.0,3.2446476103493564,0.0,100.0,
compound-v3,2026-03,31,1296261617,535491217,1831752834,0.2923,31,1472023,0,0,1472023,0,11.774193548387096,0.0,0.0,3.236632676587377,0.0,100.0,
compound-v3,2026-04,30,1343341920,573066727,1916408647,0.299,30,1788662,0,0,1788662,0,12.166666666666666,0.0,0.0,3.7974730180650207,0.0,100.0,
compound-v3,2026-05,31,1262733627,584358553,1847092180,0.3164,31,1821272,19702,0,1801572,19702,11.774193548387096,0.012558937978413324,0.03969740155242026,3.669666324240156,1.0817714212923715,98.91833839206883,0.0
compound-v3,2026-06,30,1065153066,547336131,1612489197,0.3394,30,1590264,75325,0,1514941,75325,12.166666666666666,0.056834747691439355,0.1674390040709128,3.5349780334527194,4.7366349235095555,95.26349084177218,0.0
compound-v3,2026-07,31,1136675719,558934737,1695610455,0.3296,31,1804022,112265,0,1691741,112265,11.774193548387096,0.07795598539817197,0.23649090872476536,3.8002476474365885,6.223039408610316,93.77607368424553,0.0
compound-v3,2026-08,31,1231666074,580373345,1812039419,0.3203,31,2142174,180260,0,1961922,180260,11.774193548387096,0.11712858488495485,0.36569841591058216,4.345887265088402,8.414815976666695,91.58555747572325,0.0
sparklend,2024-07,31,2908004055,1635441920,4543445976,0.36,24,6399059,58096,0,6340958,58096,15.208333333333334,0.019446546475967903,0.054024745393179925,5.950625399871533,0.9078834872439838,99.09203837626751,0.0
sparklend,2024-08,31,2511758831,1554908358,4066667189,0.3824,31,9829270,313918,0,9515350,313918,11.774193548387096,0.09088846267824205,0.23770733955515727,7.4429934615706035,3.1937061450138207,96.80627350759518,0.0
sparklend,2024-09,30,2314627403,1483191616,3797819019,0.3905,30,6672738,72405,0,6600337,72405,12.166666666666666,0.02319561557812084,0.05939404528025595,5.473667604658305,1.0850868114408208,98.9149731339669,0.0
sparklend,2024-10,31,2374226628,1489621899,3863848527,0.3855,31,6456437,70422,0,6386015,70422,11.774193548387096,0.021459491806432196,0.05566259858432144,5.103264051233428,1.0907254264232735,98.90927457357672,0.0
sparklend,2024-11,30,3633758656,2185824002,5819582658,0.3756,30,9977870,99522,0,9878345,99522,12.166666666666666,0.020806491997076123,0.055395631070575095,5.553851463899028,0.9974273066295712,99.00254262683318,0.0
sparklend,2024-12,31,4684644944,2765221392,7449866336,0.3712,31,18596707,135017,0,18461689,135017,11.774193548387096,0.021338856546198583,0.057489656883233764,7.918397717235841,0.7260263873598697,99.27396823534403,0.0
sparklend,2025-01,31,3683016711,2051607703,5734624414,0.3578,31,14603809,108576,0,14495225,108576,11.774193548387096,0.02229256436722723,0.06231185605514747,8.381138043995605,0.7434772667870416,99.25646795298405,0.0
sparklend,2025-02,28,3003994060,1719775170,4723769230,0.3641,28,9464781,118184,0,9346597,118184,13.035714285714286,0.03261405843788134,0.08958222470108446,7.174204107904242,1.2486712582150605,98.75132874178493,0.0
sparklend,2025-03,31,2378700033,1485438296,3864138329,0.3844,31,6546499,86076,0,6460423,86076,11.774193548387096,0.02622772265332553,0.06822737010349487,5.189023771494482,1.3148401916810801,98.68515980831893,0.0
sparklend,2025-04,30,2080105697,1333920070,3414025766,0.3907,30,6165792,205296,0,5960495,205296,12.166666666666666,0.07316195515789789,0.18725020008132873,5.623810428161562,3.3295965871051116,96.67038719437826,0.0
sparklend,2025-05,31,2877256403,1487981732,4365238136,0.3409,31,5240706,89761,0,5150948,89761,11.774193548387096,0.024210898791084283,0.07102663724750446,4.146898140426468,1.7127654174838276,98.2872918267119,0.0
sparklend,2025-06,30,3310445104,1641849474,4952294577,0.3315,30,5168099,287097,0,4881001,287097,12.166666666666666,0.07053323354839681,0.2127487053663971,3.8297382816796106,5.555176090860488,94.44480455966497,0.0
sparklend,2025-07,31,4137735649,2011471984,6149207633,0.3271,31,6897341,588223,0,6309123,588223,11.774193548387096,0.11262998202313104,0.3443175697550706,4.037373055613276,8.528257483572292,91.4718150081314,0.0
sparklend,2025-08,31,5018438515,2252433243,7270871758,0.3098,31,7638691,653499,0,6985193,653499,11.774193548387096,0.10582532556995511,0.3416049613718749,3.992989651073205,8.555117624210745,91.44489546703748,0.0
sparklend,2025-09,30,5271241590,2230098838,7501340428,0.2973,30,7227841,625879,0,6601962,625879,12.166666666666666,0.10151333937922521,0.34145846080507514,3.9432661309994663,8.659280136350537,91.34071986364947,0.0
sparklend,2025-10,31,5860202181,2482411032,8342613213,0.2976,31,9583290,677782,0,8905511,677782,11.774193548387096,0.09565751459239925,0.32147522504294535,4.5454000097403116,7.07253980626695,92.92749149822242,0.0
sparklend,2025-11,30,4694865873,2016394155,6711260028,0.3004,30,6636420,452234,0,6184181,452234,12.166666666666666,0.08198431159540423,0.2728722615908065,4.004331682859892,6.814427055551035,93.1854976026231,0.0
sparklend,2025-12,31,3331315388,1334470874,4665786262,0.286,31,4241481,262507,0,3978965,262507,11.774193548387096,0.06624410232803012,0.2316130150178498,3.742308595774302,6.189041044861453,93.81074676510399,0.0
sparklend,2026-01,31,3501562779,1483214756,4984777536,0.2975,31,4803631,318455,0,4485172,318455,11.774193548387096,0.07522002294731119,0.25279891474135335,3.8132631097578056,6.629464253186808,93.3704524764704,0.0
sparklend,2026-02,28,2475824001,1284652831,3760476832,0.3416,28,3671317,257254,0,3414059,257254,13.035714285714286,0.08917724513871285,0.261042482601834,3.725383100353415,7.0071312283848,92.99275981888788,0.0
sparklend,2026-03,31,2084489566,982000678,3066490244,0.3202,31,2865898,176210,487032,2689689,176210,11.774193548387096,0.06765815248298211,0.2112758872414231,3.436213283544748,6.148509123492881,93.85152576958427,276.392940241757
sparklend,2026-04,30,2495393759,1201216374,3696610132,0.325,30,3739971,202479,383472,3537460,202479,12.166666666666666,0.06664198852550242,0.20508332664469658,3.7880752781013958,5.413918984933306,94.58522539345894,189.38852918080394
sparklend,2026-05,31,3371965045,1621808055,4993773100,0.3248,31,4696269,236863,325189,4459386,236863,11.774193548387096,0.055846966824576245,0.17196059656095447,3.4094528012003438,5.043642091200483,94.95593203881634,137.2899102012556
sparklend,2026-06,30,3390879701,1603218381,4994098083,0.321,30,4547207,361401,600282,4185784,361401,12.166666666666666,0.08804483666365348,0.2742636656434393,3.450830684639795,7.9477578214495175,92.05175836507993,166.0985996164925
sparklend,2026-07,31,3593919188,1780118944,5374038132,0.3312,31,4842293,418292,192897,4423998,418292,11.774193548387096,0.09164525533258601,0.2766697688568577,3.2028250242586034,8.638304208357486,91.36163383752283,46.11539307469423
sparklend,2026-08,31,4037067219,1910818790,5947886008,0.3213,31,5051418,430266,892383,4621155,430266,11.774193548387096,0.0851737096924256,0.265123788179324,3.112611909463505,8.51772710157821,91.48233228768635,207.40263000097613
morpho-blue,2024-02,29,63163664,41750426,104914090,0.3979,15,98602,0,0,98602,0,24.333333333333332,0.0,0.0,5.746804435799848,0.0,100.0,
morpho-blue,2024-03,31,155203963,92185343,247389306,0.3726,31,940461,0,0,940461,0,11.774193548387096,0.0,0.0,12.011855115307947,0.0,100.0,
morpho-blue,2024-04,30,596097334,337347185,933444520,0.3614,30,6698319,0,0,6698319,0,12.166666666666666,0.0,0.0,24.157964887123633,0.0,100.0,
morpho-blue,2024-05,31,783715821,437109694,1220825515,0.358,31,5002338,0,0,5002338,0,11.774193548387096,0.0,0.0,13.474534336557545,0.0,100.0,
morpho-blue,2024-06,30,1012962282,615204527,1628166809,0.3779,30,5594876,0,0,5594876,0,12.166666666666666,0.0,0.0,11.06477412727708,0.0,100.0,
morpho-blue,2024-07,31,1061363627,619207351,1680570978,0.3685,31,4567405,0,0,4567405,0,11.774193548387096,0.0,0.0,8.684895358077066,0.0,100.0,
morpho-blue,2024-08,30,999593861,568834994,1568428855,0.3627,31,4036182,0,0,4036182,0,11.774193548387096,0.0,0.0,8.354406561793933,0.0,100.0,
morpho-blue,2024-09,27,954692840,560196878,1514889718,0.3698,30,2735512,0,0,2735512,0,12.166666666666666,0.0,0.0,5.94113676346955,0.0,100.0,
morpho-blue,2024-10,31,1029327089,606714233,1636041322,0.3708,31,2638407,0,0,2638407,0,11.774193548387096,0.0,0.0,5.120221842136898,0.0,100.0,
morpho-blue,2024-11,30,1432273235,853302927,2285576162,0.3733,30,5933055,0,0,5933055,0,12.166666666666666,0.0,0.0,8.459540008117187,0.0,100.0,
morpho-blue,2024-12,31,2566096487,1581808558,4147905044,0.3814,31,11805155,0,0,11805155,0,11.774193548387096,0.0,0.0,8.787168278723504,0.0,100.0,
morpho-blue,2025-01,31,3382494257,2174422319,5556916576,0.3913,31,10925567,0,0,10925567,0,11.774193548387096,0.0,0.0,5.916042130354484,0.0,100.0,
morpho-blue,2025-02,28,3458205282,2128779019,5586984301,0.381,28,10041446,0,0,10041446,0,13.035714285714286,0.0,0.0,6.148943591755147,0.0,100.0,
morpho-blue,2025-03,31,2991141624,1784689723,4775831347,0.3737,31,7093291,0,0,7093291,0,11.774193548387096,0.0,0.0,4.679680734006908,0.0,100.0,
morpho-blue,2025-04,30,2651718228,1696235083,4347953311,0.3901,30,5623976,0,0,5623976,0,12.166666666666666,0.0,0.0,4.033936216689685,0.0,100.0,
morpho-blue,2025-05,31,3203146622,1749728787,4952875409,0.3533,31,6348073,0,0,6348073,0,11.774193548387096,0.0,0.0,4.271715749127143,0.0,100.0,
morpho-blue,2025-06,30,3938856517,2150601030,6089457547,0.3532,30,8119317,0,0,8119317,0,12.166666666666666,0.0,0.0,4.5933681850789405,0.0,100.0,
morpho-blue,2025-07,31,5062362367,2686058011,7748420378,0.3467,31,12155427,0,0,12155427,0,11.774193548387096,0.0,0.0,5.328267281465289,0.0,100.0,
morpho-blue,2025-08,31,6414744307,3258013255,9672757562,0.3368,31,19058274,0,0,19058274,0,11.774193548387096,0.0,0.0,6.887504414839881,0.0,100.0,
morpho-blue,2025-09,30,7632510213,4185803413,11818313627,0.3542,30,22810859,0,0,22810859,0,12.166666666666666,0.0,0.0,6.63031897225254,0.0,100.0,
morpho-blue,2025-10,31,7502941837,4037789554,11540731392,0.3499,31,24149110,0,0,24149110,0,11.774193548387096,0.0,0.0,7.041880002874719,0.0,100.0,
morpho-blue,2025-11,30,6631691271,3479636142,10111327413,0.3441,30,22933674,0,0,22933674,0,12.166666666666666,0.0,0.0,8.018837476484633,0.0,100.0,
morpho-blue,2025-12,31,5643891278,3031159112,8675050391,0.3494,31,12251372,0,0,12251372,0,11.774193548387096,0.0,0.0,4.7589064061408575,0.0,100.0,
morpho-blue,2026-01,31,6410630944,3489384571,9900015515,0.3525,31,15646433,0,0,15646433,0,11.774193548387096,0.0,0.0,5.2795593817586965,0.0,100.0,
morpho-blue,2026-02,28,5689028955,3153590469,8842619424,0.3566,28,17736154,0,0,17736154,0,13.035714285714286,0.0,0.0,7.33143502126143,0.0,100.0,
morpho-blue,2026-03,31,6549488352,3752045465,10301533817,0.3642,31,11341144,0,0,11341144,0,11.774193548387096,0.0,0.0,3.5589340737407356,0.0,100.0,
morpho-blue,2026-04,30,6961426581,3803106317,10764532898,0.3533,30,14551230,0,0,14551230,0,12.166666666666666,0.0,0.0,4.655141093706111,0.0,100.0,
morpho-blue,2026-05,31,7375131893,3807078292,11182210185,0.3405,31,15284204,0,0,15284204,0,11.774193548387096,0.0,0.0,4.72696283938235,0.0,100.0,
morpho-blue,2026-06,30,6726951101,3580784343,10307735444,0.3474,30,18769112,0,0,18769112,0,12.166666666666666,0.0,0.0,6.377304731566554,0.0,100.0,
morpho-blue,2026-07,31,7265382469,3880758640,11146141109,0.3482,31,14886554,0,0,14886554,0,11.774193548387096,0.0,0.0,4.516569679389186,0.0,100.0,
morpho-blue,2026-08,31,8432704192,4471507138,12904211330,0.3465,31,18420464,0,0,18420464,0,11.774193548387096,0.0,0.0,4.850402821544076,0.0,100.0,
venus-core-pool,2024-01,31,943346519,595402015,1538748534,0.3869,31,10673339,2276585,2276585,8396756,0,11.774193548387096,1.7419969427801798,4.501992224422492,21.106740660517982,21.329642017366822,78.67037672091179,100.0
venus-core-pool,2024-02,29,1055739527,612825296,1668564823,0.3673,29,10166859,2063213,2063213,8103642,0,12.586206896551724,1.5563090706278886,4.237427185064367,20.880696618970664,20.293514447284064,79.70644620919795,100.0
venus-core-pool,2024-03,31,1565019765,760296269,2325316034,0.327,31,11161893,1840627,1840627,9321270,0,11.774193548387096,0.931997983564719,2.8504544125794067,17.285667956945755,16.49027633574341,83.50975950047183,100.0
venus-core-pool,2024-04,30,1644019674,856239357,2500259032,0.3425,30,14716599,3210342,3210342,11506259,0,12.166666666666666,1.5622045756097482,4.561710540479162,20.911437092467125,21.81442872772439,78.18558486237207,100.0
venus-core-pool,2024-05,31,1682933922,796382829,2479316751,0.3212,31,5751542,972597,972597,4778945,0,11.774193548387096,0.46188311025454143,1.4379447805222136,8.503418989421407,16.91019556146856,83.08980443853144,100.0
venus-core-pool,2024-06,30,1716834694,830700645,2547535339,0.3261,30,5953628,1025673,1025673,4927954,0,12.166666666666666,0.48984684565351183,1.5022284592062645,8.719844840536187,17.227697128540783,82.77228607497815,100.0
venus-core-pool,2024-07,31,1585698153,645370466,2231068619,0.2893,31,3330234,400474,400474,2929760,0,11.774193548387096,0.2113452874977116,0.7306281640562048,6.075707170247135,12.025401218052545,87.97459878194745,100.0
venus-core-pool,2024-08,31,1524411923,637997832,2162409755,0.295,31,3828597,576348,576348,3252242,0,11.774193548387096,0.313818085935605,1.0636451352746612,7.065641893399756,15.053765125971733,84.94605203942854,100.0
venus-core-pool,2024-09,30,1617938202,619772843,2237711044,0.277,30,3805265,600203,600203,3205062,0,12.166666666666666,0.32633658634851576,1.178249404731232,7.470057998868035,15.772961935633917,84.22703806436608,100.0
venus-core-pool,2024-10,31,1692315631,569341434,2261657065,0.2517,31,4678584,736995,736995,3941587,0,11.774193548387096,0.38367982080402396,1.524133192490176,9.675486493468012,15.752522558107323,84.24743469391593,100.0
venus-core-pool,2024-11,30,1808877852,637158091,2446035943,0.2605,30,6856244,1098321,1098321,5757925,0,12.166666666666666,0.5463086320641201,2.097266861828174,13.092140947690378,16.019281110765604,83.98074805972483,100.0
venus-core-pool,2024-12,31,1842072500,731332655,2573405155,0.2842,31,8186163,1488106,1488106,6698053,0,11.774193548387096,0.6808585127170201,2.3957973084787425,13.179428939986984,18.178308934234515,81.82164220282445,100.0
venus-core-pool,2025-01,31,1815813885,784637004,2600450889,0.3017,31,7016278,1286749,1286749,5729526,0,11.774193548387096,0.5826078792058875,1.9308841791756164,10.528564768185507,18.33948141735547,81.66047582493168,100.0
venus-core-pool,2025-02,28,1799852959,717608791,2517461749,0.2851,28,4159031,590461,590461,3568569,0,13.035714285714286,0.30574768001597724,1.0726012542476147,7.555083006421611,14.19708100276242,85.8028949531754,100.0
venus-core-pool,2025-03,31,1652236328,691947301,2344183629,0.2952,31,4402144,727026,727026,3675120,0,11.774193548387096,0.3651652853817314,1.237109361701185,7.490699856616821,16.515270740802663,83.48477469160481,100.0
venus-core-pool,2025-04,30,1613374472,660725664,2274100136,0.2905,30,3401332,531968,531968,2869365,0,12.166666666666666,0.28460828223323814,0.9795710513423213,6.263245840359345,15.639990450799862,84.36003894944686,100.0
venus-core-pool,2025-05,31,1709794165,657538392,2367332557,0.2778,31,2693390,350601,350601,2342787,0,11.774193548387096,0.17437533311708958,0.6278027385902152,4.822911566400266,13.017089986968097,86.98283575716847,100.0
venus-core-pool,2025-06,30,1598912775,652710936,2251623711,0.2899,30,2081440,300830,300830,1780593,0,12.166666666666666,0.16255373024597417,0.5607533337442554,3.8798471528392873,14.452974863556001,85.54620839418864,100.0
venus-core-pool,2025-07,31,1771307389,737130427,2508437816,0.2939,31,2490403,390702,390702,2099702,0,11.774193548387096,0.18338907739309632,0.624068794238219,3.977923832939794,15.68830426240251,84.31173589174121,100.0
venus-core-pool,2025-08,31,1900943807,796664498,2697608305,0.2953,31,2713147,382857,382857,2330280,0,11.774193548387096,0.1671047798525679,0.5658382456694886,4.0098583510904495,14.111177905214866,85.8884535191053,100.0
venus-core-pool,2025-09,30,1936848172,876161664,2813009836,0.3115,30,2848036,426840,426806,2421233,127,12.166666666666666,0.18461435625069034,0.5927239473467764,3.9548756913731693,14.987170105995851,85.0141290348858,99.99203448599006
venus-core-pool,2025-10,31,2043176254,1026784473,3069960727,0.3345,31,3164035,602128,601760,2562259,528,11.774193548387096,0.2309336256503592,0.6904634613522467,3.6282161898128904,19.030383671482774,80.98074136348049,99.9388834267797
venus-core-pool,2025-11,30,1679302100,789640646,2468942746,0.3198,30,2097484,387082,387082,1710387,0,12.166666666666666,0.19074956980256627,0.5964102393314067,3.231772426601589,18.454586542734056,81.5446983147428,100.0
venus-core-pool,2025-12,31,1505952341,715168528,2221120869,0.322,31,1711284,279247,111696,1432024,167550,11.774193548387096,0.14802923477490643,0.45973894223243156,2.8173763586333407,16.317981118271426,83.68125921822444,39.998997303462524
venus-core-pool,2026-01,31,1653898575,769088185,2422986759,0.3174,31,1868205,281062,112422,1587136,168630,11.774193548387096,0.13657847591633387,0.4302859479107424,2.8600890882317374,15.044494581697403,84.9551307270883,39.99900377852573
venus-core-pool,2026-02,28,1328617586,543898195,1872515781,0.2905,28,1101531,161728,64684,939793,97027,13.035714285714286,0.11258863724363988,0.38761665682674307,2.640060865224446,14.682110626028683,85.31698154659287,39.99554808072814
venus-core-pool,2026-03,31,1250233505,512482722,1762716227,0.2907,31,1121741,171838,68731,949892,103096,11.774193548387096,0.11478046437520778,0.3947945528918226,2.5771787180683314,15.318865941424981,84.68015344005434,39.99755583747483
venus-core-pool,2026-04,30,1188611895,474558301,1663170196,0.2853,30,949955,146152,58455,803800,87687,12.166666666666666,0.10691525563308413,0.374702678874153,2.4354828076926487,15.385149822886346,84.61453437268082,39.99603152881931
venus-core-pool,2026-05,31,1185748988,462094550,1647843538,0.2804,31,926179,160491,60823,765686,99671,11.774193548387096,0.1146742426206118,0.4089319159410544,2.3599089853908928,17.328291831276676,82.67149222774431,37.89807528147996
venus-core-pool,2026-06,30,1040272816,400063304,1440336120,0.2778,30,1016985,350760,98977,666222,251771,12.166666666666666,0.2962905630666264,1.0667261799147667,3.0928399021570843,34.49018422100621,65.50952078939217,28.21786976850268
venus-core-pool,2026-07,31,1034292605,381080137,1415372742,0.2692,31,856382,200198,73475,656192,126737,11.774193548387096,0.16654058185896586,0.6185496884084515,2.645954601237807,23.377184480757418,76.62374968180087,36.701165845812646
venus-core-pool,2026-08,31,1133098252,413652232,1546750483,0.2674,31,1031574,345853,109952,685706,235909,11.774193548387096,0.26327065716457404,0.9844356796049688,2.9362713399994105,33.526727117976996,66.47181879341666,31.79154149306208
fluid-lending,2024-02,10,19301496,20964207,40265704,0.5206,7,6129,990,0,6129,0,52.142857142857146,0.1282019769763086,0.24623601823540747,1.524424803802841,16.152716593245227,100.0,0.0
fluid-lending,2024-03,31,71278311,89297803,160576114,0.5561,31,604534,2475,0,582795,0,11.774193548387096,0.018147860417308433,0.032633646129298456,7.970969143082551,0.40940625341171877,96.40400705336673,0.0
fluid-lending,2024-04,30,145427346,199275506,344702852,0.5781,30,3952111,69631,0,3855005,51843,12.166666666666666,0.2457702806203259,0.42512859892909605,24.12941667134277,1.7618685305144517,97.54293338420909,0.0
fluid-lending,2024-05,31,310133334,285613299,595746633,0.4794,31,3785545,319314,0,3200162,295592,11.774193548387096,0.6310845299749562,1.3163479613425413,15.6056246933127,8.435086625571747,84.53636134295061,0.0
fluid-lending,2024-06,30,402870298,350670442,753540741,0.4654,30,3751646,322053,0,3291004,310009,12.166666666666666,0.519986682445349,1.117377181165443,13.016502352751285,8.58431205929344,87.72160273117453,0.0
fluid-lending,2024-07,31,371343081,319449878,690792959,0.4624,31,1585091,165373,0,1295591,149166,11.774193548387096,0.2818693624926509,0.6095271414307503,5.842283723084237,10.433028766171784,81.73606436475886,0.0
fluid-lending,2024-08,31,365553920,298530523,664084442,0.4495,31,1145756,110154,0,1009873,107287,11.774193548387096,0.19530265040135245,0.4344529005260317,4.518919126814314,9.614088863597486,88.14031957938688,0.0
fluid-lending,2024-09,30,395459274,342350848,737810121,0.464,30,1011258,101950,0,850689,94826,12.166666666666666,0.16811800643036537,0.362315932299565,3.5938684165315697,10.08150244546891,84.12185614353606,0.0
fluid-lending,2024-10,31,411309677,335106110,746415787,0.449,31,1195066,123300,0,1071768,123300,11.774193548387096,0.19449723462455773,0.4332233943798067,4.198950113770463,10.317421799298113,89.68274555547559,0.0
fluid-lending,2024-11,30,495438071,475540372,970978443,0.4898,30,2349690,334115,0,1953335,326819,12.166666666666666,0.41865665119955014,0.8548308561556438,6.01166518833442,14.219535342960135,83.13160459464865,0.0
fluid-lending,2024-12,31,671386034,646456418,1317842452,0.4905,31,3973410,568423,0,3404981,568423,11.774193548387096,0.5078545169946338,1.035293676882459,7.236945459035843,14.305671954316319,85.69417704188594,0.0
fluid-lending,2025-01,31,769444809,721016118,1490460928,0.4838,31,4010852,430392,0,3356464,405128,11.774193548387096,0.33999674962814047,0.7028301563818049,6.549721505939411,10.730687644420685,83.68456377846901,0.0
fluid-lending,2025-02,28,857211490,713012675,1570224164,0.4541,28,3228031,459019,0,2769017,459019,13.035714285714286,0.3810691920872953,0.8392053529362975,5.901674864535694,14.219782895517422,85.78037199766669,0.0
fluid-lending,2025-03,31,797507520,631133524,1428641043,0.4418,31,2196782,213858,0,1982918,213858,11.774193548387096,0.1762517951033672,0.3989655735465207,4.0982352335974,9.735057916534275,90.264668956683,0.0
fluid-lending,2025-04,30,756755507,570310398,1327065905,0.4298,30,1836337,207020,0,1629303,207020,12.166666666666666,0.18979790859243972,0.44164429443443765,3.917533372180716,11.273529858626167,88.72570775407782,0.0
fluid-lending,2025-05,31,926719072,800996375,1727715447,0.4636,31,4381562,340069,0,4041495,340069,11.774193548387096,0.23175333836130546,0.49988219057875904,6.440648252903525,7.7613645544671055,92.23868109135509,0.0
fluid-lending,2025-06,30,988900898,980259063,1969159961,0.4978,30,4207197,367531,0,3839678,367531,12.166666666666666,0.22708298234927735,0.45616789841061295,5.221840371803836,8.735768731533131,91.26451649399826,0.0
fluid-lending,2025-07,31,1165786363,1137055913,2302842276,0.4938,31,4125921,560565,0,3565356,560565,11.774193548387096,0.28661106647373413,0.58046405027152,4.2723837820062265,13.58642106816878,86.41357893183122,0.0
fluid-lending,2025-08,31,1355594606,1408118904,2763713509,0.5095,31,5575804,672553,0,4903252,672553,11.774193548387096,0.2865264133840577,0.5623650936759519,4.662290613198881,12.061991418636667,87.93802651599661,0.0
fluid-lending,2025-09,30,1508399581,1558941226,3067340807,0.5082,30,6254614,967603,0,5287007,967603,12.166666666666666,0.3838016023456068,0.7551601670624282,4.881377334662048,15.470227259427999,84.52970878778451,0.0
fluid-lending,2025-10,31,2180957125,2021537305,4202494430,0.481,31,8734804,1058161,1650393,7676632,1058161,11.774193548387096,0.2964666016072468,0.6163127629917686,5.0874783586160826,12.114307315882531,87.88556675112572,155.96804267025527
fluid-lending,2025-11,30,1762678586,1608317112,3370995699,0.4771,30,7496852,889808,892451,6607051,889808,12.166666666666666,0.3211513244156569,0.6731257941955748,5.671250940053004,11.869088518754271,88.13100485377062,100.2970303705968
fluid-lending,2025-12,31,1593470165,1493633048,3087103213,0.4838,31,5366650,725449,669961,4641195,725449,11.774193548387096,0.27668582312099943,0.571865823866256,4.230488598994337,13.51772521032674,86.48216298808381,92.35121972736884
fluid-lending,2026-01,31,1567695403,1450958033,3018653436,0.4807,31,5101906,821420,729271,4280479,821420,11.774193548387096,0.32039312460233443,0.6665635976058675,4.1400803705862534,16.100257433202415,83.89960536317211,88.78174380950063
fluid-lending,2026-02,28,1216403445,1014023533,2230426978,0.4546,28,3121325,576679,319207,2544639,576679,13.035714285714286,0.33703962302824286,0.7413459780692712,4.0125992709931655,18.47545513523904,81.52432060102682,55.35263118650063
fluid-lending,2026-03,31,947175713,879050000,1826225713,0.4813,31,2765345,445100,484025,2320240,445100,11.774193548387096,0.28696855547926986,0.5961769578962626,3.7039653328097963,16.095640869403276,83.90417832133062,108.74522579195687
fluid-lending,2026-04,30,762500867,817015120,1579515987,0.5173,30,3165847,492542,0,2673307,492542,12.166666666666666,0.3793943450180054,0.7334741042899344,4.7144543869233,15.557984956316586,84.4420782179303,0.0
fluid-lending,2026-05,31,807204307,825535744,1632740051,0.5056,31,3044015,412770,0,2631244,412770,11.774193548387096,0.29766121483889185,0.588712712476777,4.341522706277095,13.560051445212984,86.43991570343773,0.0
fluid-lending,2026-06,30,598193306,673165958,1271359264,0.5295,30,2976355,372590,0,2603761,372590,12.166666666666666,0.35656155279593205,0.6734117017446288,5.379404400402948,12.51833198660778,87.48153362082144,0.0
fluid-lending,2026-07,31,640017490,740969604,1380987094,0.5366,31,3267646,360441,0,2907209,360441,11.774193548387096,0.307309323542034,0.5727498231862954,5.19237175775066,11.030601234038203,88.96952117824269,0.0
fluid-lending,2026-08,31,694086253,785552679,1479638932,0.5309,31,3284157,388962,0,2895190,388962,11.774193548387096,0.30951563735738075,0.5829925851437064,4.9224324727037585,11.843587258465414,88.15626049546353,0.0
euler-v2,2024-08,3,3510333,2650,3512983,0.0008,2,11,1,0,10,1,182.5,0.0051950151765607746,6.886792452830188,75.75471698113208,9.090909090909092,90.9090909090909,0.0
euler-v2,2024-09,27,4575533,1292764,5868297,0.2203,30,2092,176,0,1915,176,12.166666666666666,0.03648985955096228,0.16563992602929328,1.9688563934845544,8.413001912045889,91.53919694072657,0.0
euler-v2,2024-10,31,7531037,3887993,11419030,0.3405,31,11225,869,95,10352,869,11.774193548387096,0.08960283135737787,0.26316339030313035,3.399319972557696,7.741648106904233,92.22271714922049,10.93210586881473
euler-v2,2024-11,30,35509347,20049243,55558590,0.3609,30,73478,6301,3374,67176,6301,12.166666666666666,0.13798436329407684,0.3823693825580679,4.458933104523364,8.575355888837475,91.42328315958518,53.54705602285351
euler-v2,2024-12,31,70143114,48586158,118729272,0.4092,31,409798,26415,18712,383383,26415,11.774193548387096,0.2619533644412855,0.6401315423636608,9.930896301250936,6.445858691355253,93.55414130864474,70.83853870906682
euler-v2,2025-01,31,137516997,100691772,238208769,0.4227,31,1055918,43657,39074,1012261,43657,11.774193548387096,0.21578801229686695,0.5104945096625526,12.347168647728045,4.1345066567669075,95.86549334323308,89.50225622466043
euler-v2,2025-02,28,206195798,146791336,352987134,0.4159,28,898255,38872,27728,859384,38872,13.035714285714286,0.1435531884610519,0.3452004045485939,7.976898265790215,4.327501655988556,95.67260967097316,71.33154970158469
euler-v2,2025-03,31,438617925,366366145,804984070,0.4551,31,1902940,86327,64265,1816625,86327,11.774193548387096,0.1262671951323972,0.27743578939358954,6.115626178004996,4.536506668628544,95.4641239345434,74.44368505797723
euler-v2,2025-04,30,655114471,558105960,1213220431,0.46,30,2454285,120181,98852,2334087,120181,12.166666666666666,0.12052238235564848,0.2619936484223653,5.350322275719829,4.896782566001911,95.10252476790593,82.25260232482671
euler-v2,2025-05,31,891223728,814159682,1705383411,0.4774,31,4383468,213598,173564,4169884,213598,11.774193548387096,0.1474708958306143,0.30890060625089844,6.339272477651538,4.872808470370948,95.12751091145185,81.25731514340022
euler-v2,2025-06,30,1054312284,995060241,2049372525,0.4855,30,5080274,217224,165730,4863052,217224,12.166666666666666,0.12896103406090115,0.2656012059474899,6.211684256544759,4.275832366521963,95.7242070014334,76.29451625971348
euler-v2,2025-07,31,1138195076,1289858878,2428053953,0.5312,31,7247310,301095,238619,6946226,301095,11.774193548387096,0.14600790901171595,0.2748479594875194,6.6155478014364055,4.154575973706106,95.8455758067476,79.25040269682326
euler-v2,2025-08,31,1314553281,1426414160,2740967442,0.5204,31,8479473,345778,243452,8133692,345778,11.774193548387096,0.14853358104113495,0.28541900458799385,6.999296493966561,4.07782417610151,95.9221404443413,70.40702416001018
euler-v2,2025-09,30,1584632726,1510307914,3094940639,0.488,30,9875314,643722,495289,9231577,643722,12.166666666666666,0.2530565821298132,0.5185665073592404,7.955308487290802,6.518496525781357,93.48135158031431,76.941443666676
euler-v2,2025-10,31,1820185427,1734774697,3554960124,0.488,31,11612861,818808,712649,10794054,818808,11.774193548387096,0.271193024244672,0.5557380959982806,7.881834644059034,7.050872304421796,92.94913630672063,87.03493370851287
euler-v2,2025-11,30,1112815241,1302601250,2415416491,0.5393,30,8547831,534021,360064,8013802,534021,12.166666666666666,0.2689911046069777,0.4987908233620995,7.983917603334098,6.247444527155485,93.7524618818505,67.4250638083521
euler-v2,2025-12,31,1022345641,1119352348,2141697989,0.5226,31,4983098,303777,169496,4679295,303777,11.774193548387096,0.16700436811907501,0.31953559573436363,5.241598896666686,6.096147416727506,93.90333081950224,55.79619260180988
euler-v2,2026-01,31,863054546,966631190,1829685736,0.5283,31,3928885,233523,115955,3695369,233523,11.774193548387096,0.1502741670824284,0.2844461288281004,4.785636227955238,5.9437473990712375,94.05643076852593,49.654637872929
euler-v2,2026-02,28,532608156,764102717,1296710874,0.5893,28,2815175,160464,130983,2654599,160464,13.035714285714286,0.16131297262051472,0.2737541446463483,4.802733473893107,5.6999653662738545,94.29605619544078,81.62765480107687
euler-v2,2026-03,31,511196405,781388860,1292585265,0.6045,31,2679023,153394,88310,2525221,153394,11.774193548387096,0.13972700247060996,0.2311385198352188,4.036829412001169,5.7257440492298874,94.25902651824939,57.57070028814686
euler-v2,2026-04,30,444198923,783452652,1227651575,0.6382,30,2716086,155335,46891,2560571,155335,12.166666666666666,0.1539450773454729,0.24122825570149026,4.217959172853754,5.719075169195674,94.27429764742354,30.187015160781538
euler-v2,2026-05,31,355031161,737559594,1092590754,0.6751,31,2335444,99753,0,2235396,99753,11.774193548387096,0.10749780965401232,0.15924287862117592,3.728236999574485,4.271264907229632,95.71610366165919,0.0
euler-v2,2026-06,30,276291005,660475864,936766869,0.7051,30,2069923,62281,0,2007757,62281,12.166666666666666,0.0808901543962126,0.11472821460538135,3.8130179374225652,3.008855884977364,96.99669987724181,0.0
euler-v2,2026-07,31,304978984,592174031,897153015,0.6601,31,2195210,68053,0,2127086,68053,11.774193548387096,0.08931243390497741,0.13530974875667706,4.364735038398676,3.1000678750552337,96.89669781023228,0.0
euler-v2,2026-08,31,359120784,591311992,950432776,0.6222,22,1634857,51840,1,1583016,51840,16.59090909090909,0.09049274698758149,0.14545159558893694,4.5870478242620125,3.170919536081749,96.82901929648892,0.0019290123456790122
moonwell-lending,2024-06,30,123935444,153549447,277484891,0.5534,30,860708,175622,10226,685089,165396,12.166666666666666,0.7700362804017798,1.391561073699818,6.819918624215776,20.40436477876353,79.59598377149975,5.822732915010648
moonwell-lending,2024-07,31,110388290,131115477,241503767,0.5429,31,1042104,259678,0,782428,259678,11.774193548387096,1.266025400033642,2.3319131365842223,9.358112767685228,24.91862616399131,75.08156575543325,0.0
moonwell-lending,2024-08,31,86501711,93609514,180111225,0.5197,31,974092,266488,0,707600,266488,11.774193548387096,1.7420798122507803,3.3518828976321577,12.252117601994476,27.35758018749769,72.64200917367148,0.0
moonwell-lending,2024-09,30,88312606,99606688,187919294,0.5301,30,707767,178208,0,529550,178208,12.166666666666666,1.1537917619748683,2.176758786853081,8.645167648448131,25.178907747888786,74.8198206471904,0.0
moonwell-lending,2024-10,31,121881681,155182039,277063720,0.5601,31,865251,199497,0,665754,199497,11.774193548387096,0.8477891982113647,1.5136521632652218,6.56495610418902,23.056546597461313,76.94345340253868,0.0
moonwell-lending,2024-11,30,177155990,280659835,457815825,0.613,30,1395829,241221,0,1154607,241221,12.166666666666666,0.6410559311705749,1.045698434191697,6.0509499575052,17.281558127822247,82.7183702301643,0.0
moonwell-lending,2024-12,31,210624772,302363255,512988027,0.5894,31,2063508,377006,0,1686505,377006,11.774193548387096,0.8653109583984939,1.4680823610339904,8.035415077352953,18.270149667459492,81.72999571603309,0.0
moonwell-lending,2025-01,31,183150264,252286545,435436809,0.5794,31,1734267,331156,0,1403116,331156,11.774193548387096,0.8954444727959775,1.5455024915061075,8.093810679670073,19.09486832189046,80.90541998435073,0.0
moonwell-lending,2025-02,28,147585198,193525359,341110557,0.5673,28,1699004,418846,0,1280161,418846,13.035714285714286,1.6006413972447902,2.8213133482492525,11.44435583467163,24.652443431563434,75.34773314247641,0.0
moonwell-lending,2025-03,31,122035204,144491707,266526911,0.5421,31,670330,136928,0,533403,136928,11.774193548387096,0.6048983076960467,1.1157849870190462,5.462317059684485,20.426953888383334,79.57319529187117,0.0
moonwell-lending,2025-04,30,112083232,137670598,249753830,0.5512,30,744170,166006,0,578169,166006,12.166666666666666,0.8086921696722995,1.4670813492556098,6.576617276939069,22.307537256272088,77.69313463321554,0.0
moonwell-lending,2025-05,31,152018726,198043334,350062060,0.5657,31,737849,124028,0,613828,124028,11.774193548387096,0.41716308171738314,0.7373788594264701,4.386705050867237,16.809401381583495,83.19154732201304,0.0
moonwell-lending,2025-06,30,161208782,217500817,378709599,0.5743,30,795158,132761,0,662398,132761,12.166666666666666,0.4265164753147261,0.7426449498501577,4.447993560103884,16.69617862110423,83.30394714006525,0.0
moonwell-lending,2025-07,31,183032539,231922675,414955214,0.5589,31,821717,121863,0,699854,121863,11.774193548387096,0.34578154460473814,0.6186710930214551,4.17167273532008,14.830288286599888,85.1697117134001,0.0
moonwell-lending,2025-08,31,203099105,208841950,411941054,0.507,31,1336844,266511,0,1070339,266511,11.774193548387096,0.7617478438490847,1.5025487440498393,7.536924454114703,19.935833949211727,80.06461486904979,0.0
moonwell-lending,2025-09,30,188236226,167289653,355525879,0.4705,30,953291,169221,0,784076,169221,12.166666666666666,0.5791014442580142,1.230712995740388,6.9331089074189975,17.751242799942517,82.24938659863568,0.0
moonwell-lending,2025-10,31,172168218,135386184,307554401,0.4402,31,2162143,557294,0,1604850,557294,11.774193548387096,2.13350464113659,4.846644779761898,18.803610094579756,25.77507593161044,74.22497031879945,0.0
moonwell-lending,2025-11,30,112438233,79754215,192192448,0.415,30,836971,180067,0,656904,180067,12.166666666666666,1.139906999190034,2.7469584731874876,12.768161741253007,21.51412653485007,78.48587346514992,0.0
moonwell-lending,2025-12,31,87584577,66809166,154393743,0.4327,31,312284,60901,0,251376,60901,11.774193548387096,0.4644360239976322,1.0732960822925444,5.503574551528627,19.501799643913873,80.4959588067272,0.0
moonwell-lending,2026-01,31,87829712,63458105,151287816,0.4195,31,412097,99793,0,312306,99793,11.774193548387096,0.7766534859450899,1.8515871168453477,7.646162517317019,24.21590062533821,75.78458469729215,0.0
moonwell-lending,2026-02,28,56692381,37974185,94666566,0.4011,28,1285580,356428,0,929150,356428,13.035714285714286,4.908061808673373,12.235400368509744,44.131173773521596,27.725073507677468,72.27477092051836,0.0
moonwell-lending,2026-03,31,48869377,31912882,80782259,0.395,31,219214,55774,0,163430,55774,11.774193548387096,0.8129184292404374,2.0577704983452825,8.087856385130396,25.442718074575527,74.55272017298165,0.0
moonwell-lending,2026-04,30,47048022,32523323,79571346,0.4087,30,196096,50486,0,145616,50486,12.166666666666666,0.7719441283968392,1.8886333765259264,7.335765372642477,25.74555319843342,74.25750652741515,0.0
moonwell-lending,2026-05,31,48732401,33976752,82709152,0.4108,31,130921,29047,0,101873,29047,11.774193548387096,0.41350321183319594,1.006585326343142,4.536893913663045,22.18666218559284,77.81257399500461,0.0
moonwell-lending,2026-06,30,45700377,29928857,75629234,0.3957,30,201182,44796,0,156380,44796,12.166666666666666,0.7206446121085929,1.8210451538460022,8.178442408720564,22.266405543239454,77.73061208259188,0.0
moonwell-lending,2026-07,31,48230122,31673844,79903966,0.3964,31,145894,23361,0,122524,23361,11.774193548387096,0.34423439693077434,0.8684040228393844,5.423352446732979,16.012310307483517,83.98152083019178,0.0
moonwell-lending,2026-08,31,44192076,32579130,76771206,0.4244,31,405604,68027,0,337582,68027,11.774193548387096,1.0433118173448115,2.4585158183049365,14.658648036334917,16.771777398644982,83.22945533081528,0.0
