project,month,util,du,dlb,dls,klass
aave-v3,2024-01,0.3549,-0.89,0.1622,0.1868,stable
aave-v3,2024-02,0.364,0.91,0.2106,0.1853,stable
aave-v3,2024-03,0.3605,-0.35,0.3747,0.3844,stable
aave-v3,2024-04,0.3635,0.3,0.0374,0.029,stable
aave-v3,2024-05,0.3618,-0.17,0.0876,0.0925,stable
aave-v3,2024-06,0.3953,3.35,0.2722,0.1835,mixed
aave-v3,2024-07,0.4055,1.02,0.0649,0.0396,mixed
aave-v3,2024-08,0.4025,-0.3,-0.0715,-0.0642,stable
aave-v3,2024-09,0.4067,0.42,0.0317,0.0213,stable
aave-v3,2024-10,0.4135,0.68,0.133,0.1165,stable
aave-v3,2024-11,0.4037,-0.98,0.2569,0.2807,stable
aave-v3,2024-12,0.4169,1.32,0.3046,0.2726,mixed
aave-v3,2025-01,0.413,-0.39,-0.0028,0.0064,stable
aave-v3,2025-02,0.4003,-1.27,-0.1176,-0.0862,both declining
aave-v3,2025-03,0.3873,-1.3,-0.1451,-0.1121,both declining
aave-v3,2025-04,0.3763,-1.1,-0.0388,-0.0101,borrow driven down
aave-v3,2025-05,0.3877,1.14,0.3058,0.2759,mixed
aave-v3,2025-06,0.3987,1.1,0.117,0.0891,mixed
aave-v3,2025-07,0.4062,0.75,0.2165,0.1979,stable
aave-v3,2025-08,0.42,1.38,0.2807,0.2472,mixed
aave-v3,2025-09,0.417,-0.3,0.0761,0.0834,stable
aave-v3,2025-10,0.4035,-1.35,-0.0639,-0.031,borrow driven down
aave-v3,2025-11,0.4191,1.56,-0.1843,-0.2223,both declining
aave-v3,2025-12,0.411,-0.81,-0.0513,-0.0317,stable
aave-v3,2026-01,0.4142,0.32,0.0687,0.061,stable
aave-v3,2026-02,0.4084,-0.58,-0.2508,-0.2366,stable
aave-v3,2026-03,0.4083,-0.01,-0.0581,-0.0579,stable
aave-v3,2026-04,0.4336,2.53,-0.0547,-0.1149,supply exit
aave-v3,2026-05,0.4486,1.5,-0.3544,-0.3883,both declining
aave-v3,2026-06,0.4486,0.0,-0.1325,-0.1324,stable
aave-v3,2026-07,0.4388,-0.98,0.0567,0.0787,stable
aave-v3,2026-08,0.4302,-0.86,0.0989,0.1187,stable
compound-v3,2024-01,0.2982,-0.08,-0.011,-0.0085,stable
compound-v3,2024-02,0.286,-1.22,0.0905,0.1323,mixed
compound-v3,2024-03,0.2751,-1.09,0.194,0.2328,mixed
compound-v3,2024-04,0.2852,1.01,-0.0595,-0.0954,both declining
compound-v3,2024-05,0.2983,1.31,-0.0041,-0.0491,supply exit
compound-v3,2024-06,0.3134,1.51,0.0795,0.0302,borrow driven up
compound-v3,2024-07,0.296,-1.74,-0.0907,-0.0336,borrow driven down
compound-v3,2024-08,0.3018,0.58,-0.1053,-0.1248,stable
compound-v3,2024-09,0.3131,1.13,0.116,0.0794,mixed
compound-v3,2024-10,0.3201,0.7,0.054,0.0319,stable
compound-v3,2024-11,0.2971,-2.3,0.1233,0.1979,mixed
compound-v3,2024-12,0.2815,-1.56,0.1339,0.1877,mixed
compound-v3,2025-01,0.2954,1.39,0.0569,0.0087,borrow driven up
compound-v3,2025-02,0.3053,0.99,-0.0045,-0.0374,stable
compound-v3,2025-03,0.3014,-0.39,-0.1352,-0.1223,stable
compound-v3,2025-04,0.2952,-0.62,-0.0771,-0.0564,stable
compound-v3,2025-05,0.2951,-0.01,0.1678,0.1683,stable
compound-v3,2025-06,0.2978,0.27,0.0179,0.0087,stable
compound-v3,2025-07,0.2974,-0.04,0.1019,0.1033,stable
compound-v3,2025-08,0.3029,0.55,0.0357,0.0171,stable
compound-v3,2025-09,0.3151,1.22,0.042,0.0027,borrow driven up
compound-v3,2025-10,0.3227,0.76,0.0209,-0.0029,stable
compound-v3,2025-11,0.3366,1.39,-0.2085,-0.2509,both declining
compound-v3,2025-12,0.3362,-0.04,-0.0429,-0.0415,stable
compound-v3,2026-01,0.3322,-0.4,0.0041,0.0159,stable
compound-v3,2026-02,0.3163,-1.59,-0.3488,-0.2999,both declining
compound-v3,2026-03,0.2923,-2.4,-0.0972,-0.0183,borrow driven down
compound-v3,2026-04,0.299,0.67,0.0678,0.0452,stable
compound-v3,2026-05,0.3164,1.74,0.0195,-0.0368,mixed
compound-v3,2026-06,0.3394,2.3,-0.0655,-0.1358,supply exit
compound-v3,2026-07,0.3296,-0.98,0.021,0.0503,stable
compound-v3,2026-08,0.3203,-0.93,0.0376,0.0664,stable
euler-v2,2024-10,0.3405,12.02,1.1011,0.6657,mixed
euler-v2,2024-11,0.3609,2.04,1.6403,1.5822,mixed
euler-v2,2024-12,0.4092,4.83,0.8851,0.7594,mixed
euler-v2,2025-01,0.4227,1.35,0.7287,0.6963,mixed
euler-v2,2025-02,0.4159,-0.68,0.3769,0.3933,stable
euler-v2,2025-03,0.4551,3.92,0.9146,0.8244,mixed
euler-v2,2025-04,0.46,0.49,0.4209,0.4102,stable
euler-v2,2025-05,0.4774,1.74,0.3776,0.3405,mixed
euler-v2,2025-06,0.4855,0.81,0.2006,0.1837,stable
euler-v2,2025-07,0.5312,4.57,0.2595,0.1696,mixed
euler-v2,2025-08,0.5204,-1.08,0.1006,0.1212,mixed
euler-v2,2025-09,0.488,-3.24,0.0571,0.1215,supply inflow
euler-v2,2025-10,0.488,0.0,0.1386,0.1386,stable
euler-v2,2025-11,0.5393,5.13,-0.2865,-0.3865,both declining
euler-v2,2025-12,0.5226,-1.67,-0.1516,-0.1203,both declining
euler-v2,2026-01,0.5283,0.57,-0.1467,-0.1575,stable
euler-v2,2026-02,0.5893,6.1,-0.2351,-0.3443,both declining
euler-v2,2026-03,0.6045,1.52,0.0224,-0.0032,borrow driven up
euler-v2,2026-04,0.6382,3.37,0.0026,-0.0515,supply exit
euler-v2,2026-05,0.6751,3.69,-0.0604,-0.1166,both declining
euler-v2,2026-06,0.7051,3.0,-0.1104,-0.1539,both declining
euler-v2,2026-07,0.6601,-4.5,-0.1092,-0.0432,borrow driven down
euler-v2,2026-08,0.6222,-3.79,-0.0015,0.0577,supply inflow
fluid-lending,2024-04,0.5781,2.2,0.8027,0.7639,mixed
fluid-lending,2024-05,0.4794,-9.87,0.36,0.5471,mixed
fluid-lending,2024-06,0.4654,-1.4,0.2052,0.235,mixed
fluid-lending,2024-07,0.4624,-0.3,-0.0932,-0.0869,stable
fluid-lending,2024-08,0.4495,-1.29,-0.0677,-0.0394,both declining
fluid-lending,2024-09,0.464,1.45,0.137,0.1053,mixed
fluid-lending,2024-10,0.449,-1.5,-0.0214,0.0116,mixed
fluid-lending,2024-11,0.4898,4.08,0.35,0.263,mixed
fluid-lending,2024-12,0.4905,0.07,0.3071,0.3054,stable
fluid-lending,2025-01,0.4838,-0.67,0.1092,0.1231,stable
fluid-lending,2025-02,0.4541,-2.97,-0.0112,0.0521,supply inflow
fluid-lending,2025-03,0.4418,-1.23,-0.122,-0.0945,both declining
fluid-lending,2025-04,0.4298,-1.2,-0.1013,-0.0738,both declining
fluid-lending,2025-05,0.4636,3.38,0.3397,0.2638,mixed
fluid-lending,2025-06,0.4978,3.42,0.202,0.1308,mixed
fluid-lending,2025-07,0.4938,-0.4,0.1484,0.1565,stable
fluid-lending,2025-08,0.5095,1.57,0.2138,0.1824,mixed
fluid-lending,2025-09,0.5082,-0.13,0.1018,0.1042,stable
fluid-lending,2025-10,0.481,-2.72,0.2599,0.3149,mixed
fluid-lending,2025-11,0.4771,-0.39,-0.2287,-0.2205,stable
fluid-lending,2025-12,0.4838,0.67,-0.074,-0.088,stable
fluid-lending,2026-01,0.4807,-0.31,-0.029,-0.0224,stable
fluid-lending,2026-02,0.4546,-2.61,-0.3583,-0.3026,both declining
fluid-lending,2026-03,0.4813,2.67,-0.1428,-0.1999,both declining
fluid-lending,2026-04,0.5173,3.6,-0.0732,-0.1451,both declining
fluid-lending,2026-05,0.5056,-1.17,0.0104,0.0331,supply inflow
fluid-lending,2026-06,0.5295,2.39,-0.204,-0.2502,both declining
fluid-lending,2026-07,0.5366,0.71,0.096,0.0827,stable
fluid-lending,2026-08,0.5309,-0.57,0.0584,0.069,stable
moonwell-lending,2024-01,0.4211,0.27,0.0462,0.0397,stable
moonwell-lending,2024-02,0.4332,1.21,0.1031,0.0747,mixed
moonwell-lending,2024-03,0.4599,2.67,0.3775,0.3179,mixed
moonwell-lending,2024-04,0.517,5.71,0.3871,0.2699,mixed
moonwell-lending,2024-05,0.535,1.8,0.3484,0.3143,mixed
moonwell-lending,2024-06,0.5534,1.84,0.1945,0.1608,mixed
moonwell-lending,2024-07,0.5429,-1.05,-0.1579,-0.1389,both declining
moonwell-lending,2024-08,0.5197,-2.32,-0.3369,-0.2933,both declining
moonwell-lending,2024-09,0.5301,1.04,0.0621,0.0424,mixed
moonwell-lending,2024-10,0.5601,3.0,0.4434,0.3882,mixed
moonwell-lending,2024-11,0.613,5.29,0.5925,0.5022,mixed
moonwell-lending,2024-12,0.5894,-2.36,0.0745,0.1138,mixed
moonwell-lending,2025-01,0.5794,-1.0,-0.1811,-0.1639,both declining
moonwell-lending,2025-02,0.5673,-1.21,-0.2652,-0.2441,both declining
moonwell-lending,2025-03,0.5421,-2.52,-0.2922,-0.2467,both declining
moonwell-lending,2025-04,0.5512,0.91,-0.0484,-0.065,stable
moonwell-lending,2025-05,0.5657,1.45,0.3636,0.3376,mixed
moonwell-lending,2025-06,0.5743,0.86,0.0937,0.0787,stable
moonwell-lending,2025-07,0.5589,-1.54,0.0642,0.0914,mixed
moonwell-lending,2025-08,0.507,-5.19,-0.1048,-0.0073,borrow driven down
moonwell-lending,2025-09,0.4705,-3.65,-0.2219,-0.1473,both declining
moonwell-lending,2025-10,0.4402,-3.03,-0.2116,-0.1449,both declining
moonwell-lending,2025-11,0.415,-2.52,-0.5292,-0.4702,both declining
moonwell-lending,2025-12,0.4327,1.77,-0.1771,-0.219,both declining
moonwell-lending,2026-01,0.4195,-1.32,-0.0515,-0.0203,borrow driven down
moonwell-lending,2026-02,0.4011,-1.84,-0.5135,-0.4688,both declining
moonwell-lending,2026-03,0.395,-0.61,-0.1739,-0.1586,stable
moonwell-lending,2026-04,0.4087,1.37,0.0189,-0.0151,mixed
moonwell-lending,2026-05,0.4108,0.21,0.0437,0.0387,stable
moonwell-lending,2026-06,0.3957,-1.51,-0.1269,-0.0895,both declining
moonwell-lending,2026-07,0.3964,0.07,0.0567,0.055,stable
moonwell-lending,2026-08,0.4244,2.8,0.0282,-0.04,mixed
morpho-blue,2024-03,0.3726,-2.53,0.7921,0.8578,mixed
morpho-blue,2024-04,0.3614,-1.12,1.2973,1.3279,mixed
morpho-blue,2024-05,0.358,-0.34,0.2591,0.2684,stable
morpho-blue,2024-06,0.3779,1.99,0.3418,0.2879,mixed
morpho-blue,2024-07,0.3685,-0.94,0.0065,0.0317,stable
morpho-blue,2024-08,0.3627,-0.58,-0.0848,-0.0691,stable
morpho-blue,2024-09,0.3698,0.71,-0.0153,-0.0347,stable
morpho-blue,2024-10,0.3708,0.1,0.0798,0.0769,stable
morpho-blue,2024-11,0.3733,0.25,0.3411,0.3343,stable
morpho-blue,2024-12,0.3814,0.81,0.6172,0.596,stable
morpho-blue,2025-01,0.3913,0.99,0.3182,0.2924,stable
morpho-blue,2025-02,0.381,-1.03,-0.0212,0.0054,borrow driven down
morpho-blue,2025-03,0.3737,-0.73,-0.1763,-0.1569,stable
morpho-blue,2025-04,0.3901,1.64,-0.0508,-0.0939,both declining
morpho-blue,2025-05,0.3533,-3.68,0.031,0.1303,supply inflow
morpho-blue,2025-06,0.3532,-0.01,0.2063,0.2066,stable
morpho-blue,2025-07,0.3467,-0.65,0.2223,0.2409,stable
morpho-blue,2025-08,0.3368,-0.99,0.193,0.2218,stable
morpho-blue,2025-09,0.3542,1.74,0.2506,0.2003,mixed
morpho-blue,2025-10,0.3499,-0.43,-0.036,-0.0238,stable
morpho-blue,2025-11,0.3441,-0.58,-0.1488,-0.1322,stable
morpho-blue,2025-12,0.3494,0.53,-0.138,-0.1532,stable
morpho-blue,2026-01,0.3525,0.31,0.1408,0.1321,stable
morpho-blue,2026-02,0.3566,0.41,-0.1012,-0.113,stable
morpho-blue,2026-03,0.3642,0.76,0.1738,0.1527,stable
morpho-blue,2026-04,0.3533,-1.09,0.0135,0.044,supply inflow
morpho-blue,2026-05,0.3405,-1.28,0.001,0.0381,supply inflow
morpho-blue,2026-06,0.3474,0.69,-0.0613,-0.0814,stable
morpho-blue,2026-07,0.3482,0.08,0.0804,0.0782,stable
morpho-blue,2026-08,0.3465,-0.17,0.1417,0.1465,stable
sparklend,2024-01,0.3869,1.01,0.2919,0.2655,mixed
sparklend,2024-02,0.3249,-6.2,0.1437,0.3183,supply inflow
sparklend,2024-03,0.3284,0.35,0.2324,0.2217,stable
sparklend,2024-04,0.3562,2.78,-0.1428,-0.224,both declining
sparklend,2024-05,0.3373,-1.89,-0.167,-0.1127,both declining
sparklend,2024-06,0.3437,0.64,0.2297,0.2109,stable
sparklend,2024-07,0.36,1.63,0.077,0.031,borrow driven up
sparklend,2024-08,0.3824,2.24,-0.0505,-0.1109,supply exit
sparklend,2024-09,0.3905,0.81,-0.0472,-0.0684,stable
sparklend,2024-10,0.3855,-0.5,0.0043,0.0172,stable
sparklend,2024-11,0.3756,-0.99,0.3835,0.4096,stable
sparklend,2024-12,0.3712,-0.44,0.2351,0.247,stable
sparklend,2025-01,0.3578,-1.34,-0.2985,-0.2617,both declining
sparklend,2025-02,0.3641,0.63,-0.1764,-0.1939,stable
sparklend,2025-03,0.3844,2.03,-0.1465,-0.2009,both declining
sparklend,2025-04,0.3907,0.63,-0.1076,-0.1238,stable
sparklend,2025-05,0.3409,-4.98,0.1093,0.2458,supply inflow
sparklend,2025-06,0.3315,-0.94,0.0984,0.1262,stable
sparklend,2025-07,0.3271,-0.44,0.203,0.2165,stable
sparklend,2025-08,0.3098,-1.73,0.1131,0.1676,mixed
sparklend,2025-09,0.2973,-1.25,-0.01,0.0312,supply inflow
sparklend,2025-10,0.2976,0.03,0.1072,0.1063,stable
sparklend,2025-11,0.3004,0.28,-0.2079,-0.2176,stable
sparklend,2025-12,0.286,-1.44,-0.4128,-0.3635,both declining
sparklend,2026-01,0.2975,1.15,0.1057,0.0661,mixed
sparklend,2026-02,0.3416,4.41,-0.1437,-0.2818,both declining
sparklend,2026-03,0.3202,-2.14,-0.2687,-0.204,both declining
sparklend,2026-04,0.325,0.48,0.2015,0.1869,stable
sparklend,2026-05,0.3248,-0.02,0.3002,0.3008,stable
sparklend,2026-06,0.321,-0.38,-0.0115,0.0001,stable
sparklend,2026-07,0.3312,1.02,0.1047,0.0733,mixed
sparklend,2026-08,0.3213,-0.99,0.0709,0.1015,stable
venus-core-pool,2024-01,0.3869,-3.26,0.0528,0.1335,supply inflow
venus-core-pool,2024-02,0.3673,-1.96,0.0288,0.081,supply inflow
venus-core-pool,2024-03,0.327,-4.03,0.2156,0.3319,mixed
venus-core-pool,2024-04,0.3425,1.55,0.1188,0.0725,mixed
venus-core-pool,2024-05,0.3212,-2.13,-0.0725,-0.0084,borrow driven down
venus-core-pool,2024-06,0.3261,0.49,0.0422,0.0271,stable
venus-core-pool,2024-07,0.2893,-3.68,-0.2524,-0.1326,both declining
venus-core-pool,2024-08,0.295,0.57,-0.0115,-0.0313,stable
venus-core-pool,2024-09,0.277,-1.8,-0.029,0.0342,mixed
venus-core-pool,2024-10,0.2517,-2.53,-0.0849,0.0106,borrow driven down
venus-core-pool,2024-11,0.2605,0.88,0.1125,0.0784,stable
venus-core-pool,2024-12,0.2842,2.37,0.1379,0.0508,borrow driven up
venus-core-pool,2025-01,0.3017,1.75,0.0704,0.0105,borrow driven up
venus-core-pool,2025-02,0.2851,-1.66,-0.0893,-0.0324,borrow driven down
venus-core-pool,2025-03,0.2952,1.01,-0.0364,-0.0713,both declining
venus-core-pool,2025-04,0.2905,-0.47,-0.0462,-0.0304,stable
venus-core-pool,2025-05,0.2778,-1.27,-0.0048,0.0402,supply inflow
venus-core-pool,2025-06,0.2899,1.21,-0.0074,-0.0501,supply exit
venus-core-pool,2025-07,0.2939,0.4,0.1216,0.108,stable
venus-core-pool,2025-08,0.2953,0.14,0.0777,0.0727,stable
venus-core-pool,2025-09,0.3115,1.62,0.0951,0.0419,borrow driven up
venus-core-pool,2025-10,0.3345,2.3,0.1586,0.0874,mixed
venus-core-pool,2025-11,0.3198,-1.47,-0.2626,-0.2179,both declining
venus-core-pool,2025-12,0.322,0.22,-0.0991,-0.1058,stable
venus-core-pool,2026-01,0.3174,-0.46,0.0727,0.087,stable
venus-core-pool,2026-02,0.2905,-2.69,-0.3464,-0.2577,both declining
venus-core-pool,2026-03,0.2907,0.02,-0.0595,-0.0604,stable
venus-core-pool,2026-04,0.2853,-0.54,-0.0769,-0.0581,stable
venus-core-pool,2026-05,0.2804,-0.49,-0.0266,-0.0093,stable
venus-core-pool,2026-06,0.2778,-0.26,-0.1441,-0.1346,stable
venus-core-pool,2026-07,0.2692,-0.86,-0.0486,-0.0175,stable
venus-core-pool,2026-08,0.2674,-0.18,0.082,0.0888,stable
