project,grp,month,pool_days,pools,base_apy,reward_apy,organic,tvl_sum,incentives_usd
aerodrome-slipstream,dex,2025-07,317,22,16.7070,10.5436,0.6131,45391188,4156493
aerodrome-slipstream,dex,2025-08,682,22,16.7759,12.9373,0.5646,47684991,11527057
aerodrome-slipstream,dex,2025-09,660,22,9.9594,5.0078,0.6654,39921456,3614953
aerodrome-slipstream,dex,2025-10,682,22,64.3238,34.3314,0.6520,7290893,4676956
aerodrome-slipstream,dex,2025-11,638,22,87.0197,60.1968,0.5911,5668493,5964428
aerodrome-slipstream,dex,2025-12,682,22,48.9323,19.3722,0.7164,6162409,2230600
aerodrome-slipstream,dex,2026-01,682,22,25.4325,13.0984,0.6601,7834267,1917375
aerodrome-slipstream,dex,2026-02,616,22,44.3205,26.0679,0.6297,5741469,2525907
aerodrome-slipstream,dex,2026-03,682,22,41.0570,13.1626,0.7572,5756267,1415710
aerodrome-slipstream,dex,2026-04,635,27,29.6458,32.5938,0.4763,5474365,3104197
aerodrome-slipstream,dex,2026-05,664,22,25.2287,10.2140,0.7118,5975797,1110370
aerodrome-slipstream,dex,2026-06,612,22,31.2665,14.2998,0.6862,4644383,1113566
aerodrome-slipstream,dex,2026-07,803,35,25.2907,32.1010,0.4407,4466535,3154362
aerodrome-slipstream,dex,2026-08,897,39,32.5385,71.6172,0.3124,3180819,5598299
aerodrome-slipstream,dex,2026-09,669,40,50.2653,103.9372,0.3260,3281380,6251162
aerodrome-v1,dex,2025-07,44,2,1.2466,12.6197,0.0899,14136009,215048
aerodrome-v1,dex,2025-08,62,2,1.2742,15.1933,0.0774,14307177,369237
aerodrome-v1,dex,2025-09,50,2,1.0932,11.2104,0.0889,16319437,250613
aerodrome-v1,dex,2025-10,46,2,1.8988,8.4324,0.1838,13637977,144933
aerodrome-v1,dex,2025-11,36,2,1.5904,12.4736,0.1131,12088041,148716
aerodrome-v1,dex,2025-12,44,2,1.0443,8.9205,0.1048,10454760,112424
aerodrome-v1,dex,2026-01,3,2,0.6410,6.5100,0.0896,10977264,5874
aerodrome-v1,dex,2026-02,1,1,0.8327,16.2673,0.0487,13076038,5828
aerodrome-v1,dex,2026-03,16,2,1.2439,8.4553,0.1282,8554969,31709
aerodrome-v1,dex,2026-04,15,2,0.7837,5.3326,0.1281,9433136,20672
aerodrome-v1,dex,2026-05,19,2,0.7302,5.5627,0.1160,6582927,19062
aerodrome-v1,dex,2026-06,46,2,1.3236,10.7848,0.1093,5115184,69525
aerodrome-v1,dex,2026-07,44,2,0.7044,11.0420,0.0600,6119011,81450
aerodrome-v1,dex,2026-08,42,2,0.8547,6.8127,0.1115,6455860,50609
aerodrome-v1,dex,2026-09,14,2,0.9029,8.4329,0.0967,6964623,22527
balancer-v3,dex,2024-12,16,1,2.3230,2.7206,0.4606,2477953,2955
balancer-v3,dex,2025-01,31,1,2.3557,2.7011,0.4658,2401689,5510
balancer-v3,dex,2025-02,31,2,2.3606,0.4308,0.8457,1909489,699
balancer-v3,dex,2025-03,62,2,2.7254,0.0000,1.0000,1461026,0
balancer-v3,dex,2025-04,60,2,2.7812,1.6204,0.6319,1469650,3915
balancer-v3,dex,2025-05,62,2,2.2010,2.8844,0.4328,9673967,47398
balancer-v3,dex,2025-06,60,2,2.1481,1.7050,0.5575,15905173,44578
balancer-v3,dex,2025-07,62,2,2.2840,1.4881,0.6055,23478103,59348
balancer-v3,dex,2025-08,62,2,1.9451,1.5635,0.5544,27112961,72009
balancer-v3,dex,2025-09,60,2,2.0273,1.5965,0.5594,25220240,66188
balancer-v3,dex,2025-10,62,2,2.0957,1.8372,0.5329,20485037,63927
balancer-v3,dex,2025-11,64,3,2.3106,1.5509,0.5984,5507352,14977
balancer-v3,dex,2025-12,93,3,3.2035,1.0579,0.7517,2202410,5936
balancer-v3,dex,2026-01,93,3,2.2966,1.9330,0.5430,4889274,24081
balancer-v3,dex,2026-02,84,3,2.8466,0.8886,0.7621,4376518,8950
balancer-v3,dex,2026-03,93,3,2.1557,0.0000,1.0000,4813269,0
balancer-v3,dex,2026-04,90,3,3.3355,0.0000,1.0000,3795421,0
balancer-v3,dex,2026-05,93,3,2.1276,0.0000,1.0000,2945874,0
balancer-v3,dex,2026-06,90,3,2.3719,0.0000,1.0000,2198822,0
balancer-v3,dex,2026-07,108,4,1.8039,3.2947,0.3538,2422665,23618
balancer-v3,dex,2026-08,124,4,1.8479,4.4471,0.2935,3079229,46521
balancer-v3,dex,2026-09,68,4,2.2223,3.3810,0.3966,3565887,22461
curve-dex,dex,2024-01,424,14,1.5632,1.3193,0.5423,58919359,902968
curve-dex,dex,2024-02,406,14,1.4218,1.1934,0.5437,60046961,797104
curve-dex,dex,2024-03,434,14,1.8894,2.1008,0.4735,65733880,1641985
curve-dex,dex,2024-04,420,14,1.6866,1.1475,0.5951,59872602,790596
curve-dex,dex,2024-05,456,15,1.3823,0.8982,0.6061,57058874,640285
curve-dex,dex,2024-06,450,15,1.3401,0.7177,0.6512,57683976,510418
curve-dex,dex,2024-07,486,16,1.2885,0.4461,0.7428,49911367,296484
curve-dex,dex,2024-08,496,16,1.5646,0.4394,0.7807,43724101,261093
curve-dex,dex,2024-09,480,16,1.1290,0.4406,0.7193,40114666,232415
curve-dex,dex,2024-10,496,16,1.2138,0.3701,0.7663,38400809,193117
curve-dex,dex,2024-11,497,17,1.4688,0.5113,0.7418,39145364,272529
curve-dex,dex,2024-12,544,18,1.6458,1.5910,0.5085,43509158,1031738
curve-dex,dex,2025-01,574,19,1.5256,1.5994,0.4882,39452838,992332
curve-dex,dex,2025-02,532,19,1.6776,0.9028,0.6501,33964405,446924
curve-dex,dex,2025-03,601,20,1.0021,1.2902,0.4372,30881701,656049
curve-dex,dex,2025-04,600,20,0.9538,2.4905,0.2769,32939589,1348542
curve-dex,dex,2025-05,664,22,0.8430,2.4393,0.2568,36511443,1620191
curve-dex,dex,2025-06,666,23,0.8816,2.1207,0.2937,36366190,1407181
curve-dex,dex,2025-07,720,24,1.0318,2.4362,0.2975,40354836,1939340
curve-dex,dex,2025-08,750,25,1.1397,2.2153,0.3397,45070505,2051603
curve-dex,dex,2025-09,780,27,1.0882,2.6128,0.2940,41934348,2341393
curve-dex,dex,2025-10,837,27,1.7537,1.8279,0.4896,42492379,1781127
curve-dex,dex,2025-11,810,27,2.7292,1.7181,0.6137,40946601,1561208
curve-dex,dex,2025-12,837,27,2.0613,1.5438,0.5718,46057965,1630511
curve-dex,dex,2026-01,837,27,1.6592,1.3607,0.5494,46671763,1456300
curve-dex,dex,2026-02,756,27,1.8524,1.3791,0.5732,38096745,1088239
curve-dex,dex,2026-03,807,28,1.2853,1.4156,0.4759,36296063,1135980
curve-dex,dex,2026-04,886,30,1.5581,1.4018,0.5264,35161321,1196471
curve-dex,dex,2026-05,958,34,1.0912,1.3181,0.4529,33457778,1157502
curve-dex,dex,2026-06,1020,34,2.4110,1.2135,0.6652,28108152,953226
curve-dex,dex,2026-07,1060,35,1.4462,1.2138,0.5437,28671009,1010647
curve-dex,dex,2026-08,1085,35,1.4373,1.2209,0.5407,30820779,1118549
curve-dex,dex,2026-09,595,35,1.6275,1.2093,0.5737,31275487,616517
ethena-usde,stable,2024-02,14,1,20.3889,0.0000,1.0000,182398887,0
ethena-usde,stable,2024-03,31,1,37.1070,0.0000,1.0000,327573908,0
ethena-usde,stable,2024-04,30,1,23.9840,0.0000,1.0000,380833521,0
ethena-usde,stable,2024-05,31,1,20.7292,0.0000,1.0000,571655958,0
ethena-usde,stable,2024-06,30,1,17.2636,0.0000,1.0000,1437654024,0
ethena-usde,stable,2024-07,31,1,11.2686,0.0000,1.0000,1546917918,0
ethena-usde,stable,2024-08,31,1,7.0690,0.0000,1.0000,1291261826,0
ethena-usde,stable,2024-09,30,1,6.4337,0.0000,1.0000,1119261570,0
ethena-usde,stable,2024-10,31,1,11.3432,0.0000,1.0000,1269628939,0
ethena-usde,stable,2024-11,30,1,20.6744,0.0000,1.0000,2070394724,0
ethena-usde,stable,2024-12,31,1,20.3861,0.0000,1.0000,3747251904,0
ethena-usde,stable,2025-01,31,1,12.1066,0.0000,1.0000,3681578348,0
ethena-usde,stable,2025-02,28,1,9.1800,0.0000,1.0000,3446641761,0
ethena-usde,stable,2025-03,31,1,6.5573,0.0000,1.0000,2742219503,0
ethena-usde,stable,2025-04,30,1,4.9757,0.0000,1.0000,2083937840,0
ethena-usde,stable,2025-05,31,1,5.7611,0.0000,1.0000,2355785530,0
ethena-usde,stable,2025-06,30,1,4.9050,0.0000,1.0000,3328306874,0
ethena-usde,stable,2025-07,31,1,6.6947,0.0000,1.0000,3575865999,0
ethena-usde,stable,2025-08,31,1,7.6140,0.0000,1.0000,5391631953,0
ethena-usde,stable,2025-09,30,1,7.0726,0.0000,1.0000,5910565543,0
ethena-usde,stable,2025-10,31,1,4.2584,0.0000,1.0000,5535436880,0
ethena-usde,stable,2025-11,30,1,5.1747,0.0000,1.0000,4499830585,0
ethena-usde,stable,2025-12,31,1,4.4152,0.0000,1.0000,3534896168,0
ethena-usde,stable,2026-01,31,1,4.7566,0.0000,1.0000,3705033598,0
ethena-usde,stable,2026-02,28,1,3.7534,0.0000,1.0000,3630204230,0
ethena-usde,stable,2026-03,31,1,3.4914,0.0000,1.0000,3561519786,0
ethena-usde,stable,2026-04,30,1,4.0311,0.0000,1.0000,3058367136,0
ethena-usde,stable,2026-05,31,1,3.7834,0.0000,1.0000,1862631965,0
ethena-usde,stable,2026-06,30,1,3.8685,0.0000,1.0000,1733508819,0
ethena-usde,stable,2026-07,31,1,3.9743,0.0000,1.0000,1588044637,0
ethena-usde,stable,2026-08,31,1,4.3076,0.0000,1.0000,1435749636,0
ethena-usde,stable,2026-09,17,1,4.7919,0.0000,1.0000,1346876956,0
falcon-finance,stable,2025-10,34,2,7.7659,0.0000,1.0000,122927446,0
falcon-finance,stable,2025-11,60,2,7.4518,0.0000,1.0000,92091595,0
falcon-finance,stable,2025-12,62,2,7.9357,0.0000,1.0000,84375928,0
falcon-finance,stable,2026-01,62,2,6.4648,0.0000,1.0000,79433278,0
falcon-finance,stable,2026-02,56,2,5.7995,0.0000,1.0000,56269051,0
falcon-finance,stable,2026-03,62,2,5.3970,0.0000,1.0000,52134489,0
falcon-finance,stable,2026-04,60,2,5.5797,0.0000,1.0000,49215717,0
falcon-finance,stable,2026-05,62,2,4.3100,0.0000,1.0000,45823678,0
falcon-finance,stable,2026-06,60,2,4.5020,0.0000,1.0000,42424094,0
falcon-finance,stable,2026-07,62,2,4.7542,0.0000,1.0000,39216203,0
falcon-finance,stable,2026-08,62,2,4.1081,0.0000,1.0000,38580926,0
falcon-finance,stable,2026-09,34,2,3.7069,0.0000,1.0000,42058474,0
midas-rwa,stable,2025-09,10,2,6.6453,0.0000,1.0000,104966466,0
midas-rwa,stable,2025-10,106,6,10.4213,0.0000,1.0000,113705915,0
midas-rwa,stable,2025-11,72,6,9.5454,0.0000,1.0000,91918940,0
midas-rwa,stable,2026-06,60,12,8.2980,0.0000,1.0000,20617669,0
midas-rwa,stable,2026-07,372,12,6.9285,0.0000,1.0000,21606250,0
midas-rwa,stable,2026-08,370,12,6.0995,0.0000,1.0000,22007277,0
midas-rwa,stable,2026-09,224,15,4.9909,0.0000,1.0000,24118845,0
ondo-yield-assets,stable,2026-01,44,11,3.6181,0.0000,1.0000,108251491,0
ondo-yield-assets,stable,2026-02,308,11,3.3905,0.0000,1.0000,110158899,0
ondo-yield-assets,stable,2026-03,341,11,3.4845,0.0000,1.0000,141872412,0
ondo-yield-assets,stable,2026-04,330,11,3.5132,0.0000,1.0000,146567781,0
ondo-yield-assets,stable,2026-05,341,11,3.5160,0.0000,1.0000,180222711,0
ondo-yield-assets,stable,2026-06,330,11,3.5319,0.0000,1.0000,238329904,0
ondo-yield-assets,stable,2026-07,339,11,3.5338,0.0000,1.0000,234018319,0
ondo-yield-assets,stable,2026-08,341,11,3.5346,0.0000,1.0000,230201733,0
ondo-yield-assets,stable,2026-09,187,11,3.5511,0.0000,1.0000,232117598,0
origin-dollar,stable,2026-08,24,1,5.3690,0.0000,1.0000,5586123,0
origin-dollar,stable,2026-09,17,1,6.4940,0.0000,1.0000,5617536,0
sky-lending,stable,2024-01,31,1,5.0000,0.0000,1.0000,1434498789,0
sky-lending,stable,2024-02,29,1,5.0000,0.0000,1.0000,1178191613,0
sky-lending,stable,2024-03,31,1,11.9698,0.0000,1.0000,1416749076,0
sky-lending,stable,2024-04,30,1,12.2178,0.0000,1.0000,1768249532,0
sky-lending,stable,2024-05,31,1,9.1234,0.0000,1.0000,2039406299,0
sky-lending,stable,2024-06,30,1,8.0000,0.0000,1.0000,1888834601,0
sky-lending,stable,2024-07,31,1,7.4754,0.0000,1.0000,1992230353,0
sky-lending,stable,2024-08,31,1,6.4436,0.0000,1.0000,2019828341,0
sky-lending,stable,2024-09,30,1,6.0000,0.0000,1.0000,2067212107,0
sky-lending,stable,2024-10,31,1,5.6050,0.0000,1.0000,1759113816,0
sky-lending,stable,2024-11,30,1,6.3309,0.0000,1.0000,1359486511,0
sky-lending,stable,2024-12,31,1,10.7936,0.0000,1.0000,1063734054,0
sky-lending,stable,2025-01,31,1,11.4658,0.0000,1.0000,1084612308,0
sky-lending,stable,2025-02,36,2,7.7415,0.0000,1.0000,1501836424,0
sky-lending,stable,2025-03,62,2,5.7151,0.0000,1.0000,2155564029,0
sky-lending,stable,2025-04,60,2,4.2276,0.0000,1.0000,1813628965,0
sky-lending,stable,2025-05,62,2,4.0084,0.0000,1.0000,1692607897,0
sky-lending,stable,2025-06,60,2,3.9427,0.0000,1.0000,1629157252,0
sky-lending,stable,2025-07,62,2,3.8829,0.0000,1.0000,1332970775,0
sky-lending,stable,2025-08,62,2,4.0844,0.0000,1.0000,1232304939,0
sky-lending,stable,2025-09,60,2,4.1113,0.0000,1.0000,1331691471,0
sky-lending,stable,2025-10,62,2,4.2285,0.0000,1.0000,1626869738,0
sky-lending,stable,2025-11,60,2,4.1920,0.0000,1.0000,2080417292,0
sky-lending,stable,2025-12,62,2,3.9492,0.0000,1.0000,2366767993,0
sky-lending,stable,2026-01,62,2,3.8452,0.0000,1.0000,2334491578,0
sky-lending,stable,2026-02,72,3,3.8788,0.0000,1.0000,2058381662,0
sky-lending,stable,2026-03,93,3,3.7152,0.0000,1.0000,2258558299,0
sky-lending,stable,2026-04,90,3,3.6325,0.0000,1.0000,2226003822,0
sky-lending,stable,2026-05,93,3,3.5545,0.0000,1.0000,2194378141,0
sky-lending,stable,2026-06,90,3,3.5224,0.0000,1.0000,2201402561,0
sky-lending,stable,2026-07,129,5,3.5517,0.0000,1.0000,1366240271,0
sky-lending,stable,2026-08,155,5,3.5183,0.0000,1.0000,1095602114,0
sky-lending,stable,2026-09,85,5,3.5655,0.0000,1.0000,1080899998,0
uniswap-v3,dex,2024-01,684,23,19.9674,0.0000,1.0000,40795731,0
uniswap-v3,dex,2024-02,524,20,17.5369,0.0000,1.0000,51623683,0
uniswap-v3,dex,2024-03,647,24,29.3834,0.0000,1.0000,51176856,0
uniswap-v3,dex,2024-04,676,25,27.9077,0.0000,1.0000,47358325,0
uniswap-v3,dex,2024-05,744,24,23.5994,0.0000,1.0000,50593881,0
uniswap-v3,dex,2024-06,720,24,15.9632,0.0000,1.0000,52408258,0
uniswap-v3,dex,2024-07,744,24,20.7259,0.0000,1.0000,51807814,0
uniswap-v3,dex,2024-08,751,25,21.6074,0.0000,1.0000,42481229,0
uniswap-v3,dex,2024-09,730,28,11.4635,0.0000,1.0000,39786390,0
uniswap-v3,dex,2024-10,729,24,14.4236,0.0000,1.0000,41114010,0
uniswap-v3,dex,2024-11,763,29,38.0418,0.0000,1.0000,42179833,0
uniswap-v3,dex,2024-12,929,30,34.7841,0.0000,1.0000,38797122,0
uniswap-v3,dex,2025-01,930,30,33.1755,0.0000,1.0000,40129426,0
uniswap-v3,dex,2025-02,841,31,34.9230,0.0000,1.0000,38262201,0
uniswap-v3,dex,2025-03,866,31,25.7074,0.0000,1.0000,36454242,0
uniswap-v3,dex,2025-04,894,32,24.3128,0.0000,1.0000,27612482,0
uniswap-v3,dex,2025-05,898,31,29.1269,0.0000,1.0000,30755077,0
uniswap-v3,dex,2025-06,921,31,21.2203,0.0258,0.9988,28825274,18792
uniswap-v3,dex,2025-07,957,31,18.1245,0.2080,0.9887,29170931,159091
uniswap-v3,dex,2025-08,961,31,28.6225,0.2290,0.9921,35057927,211401
uniswap-v3,dex,2025-09,904,31,18.7295,0.2869,0.9849,38832372,275892
uniswap-v3,dex,2025-10,953,31,26.7341,0.4638,0.9829,37477111,453871
uniswap-v3,dex,2025-11,925,31,24.2087,0.0692,0.9971,32744630,57464
uniswap-v3,dex,2025-12,949,32,17.3051,0.0000,1.0000,30693621,0
uniswap-v3,dex,2026-01,1008,33,17.7920,0.0000,1.0000,31914065,0
uniswap-v3,dex,2026-02,924,33,38.3551,0.0000,1.0000,23456544,0
uniswap-v3,dex,2026-03,988,34,27.9214,0.0000,1.0000,25130750,0
uniswap-v3,dex,2026-04,991,34,18.8105,0.0000,1.0000,26661545,0
uniswap-v3,dex,2026-05,1091,37,13.2138,0.0000,1.0000,27689215,0
uniswap-v3,dex,2026-06,1067,37,26.2305,0.0000,1.0000,21845183,0
uniswap-v3,dex,2026-07,1044,38,13.7475,0.0000,1.0000,22005835,0
uniswap-v3,dex,2026-08,1155,38,18.7250,0.0000,1.0000,23540929,0
uniswap-v3,dex,2026-09,635,40,22.4367,0.0000,1.0000,24941414,0
uniswap-v4,dex,2025-12,22,11,13.2165,0.0000,1.0000,13185889,0
uniswap-v4,dex,2026-01,344,12,11.0925,0.0000,1.0000,12668255,0
uniswap-v4,dex,2026-02,356,15,14.5520,0.0000,1.0000,11244179,0
uniswap-v4,dex,2026-03,400,14,14.0575,0.0000,1.0000,12243469,0
uniswap-v4,dex,2026-04,345,13,6.9847,0.0000,1.0000,14127232,0
uniswap-v4,dex,2026-05,372,15,80.7155,0.0000,1.0000,13341679,0
uniswap-v4,dex,2026-06,349,13,13.5068,0.0000,1.0000,11203808,0
uniswap-v4,dex,2026-07,337,12,8.0680,0.0000,1.0000,12457013,0
uniswap-v4,dex,2026-08,403,21,8.7672,0.0000,1.0000,15682709,0
uniswap-v4,dex,2026-09,321,22,7.3292,0.0000,1.0000,20254399,0
usual-usd0,stable,2025-08,20,1,32.8752,40.2020,0.4499,19547191,430595
usual-usd0,stable,2025-09,30,1,22.6096,42.3183,0.3482,19198520,667766
usual-usd0,stable,2025-10,31,1,15.4634,67.3594,0.1867,12932106,739838
usual-usd0,stable,2025-11,30,1,17.2495,80.0740,0.1772,11987840,788970
usual-usd0,stable,2025-12,25,1,14.6682,97.5510,0.1307,12387434,827676
usual-usd0,stable,2026-01,31,1,14.7825,74.4108,0.1657,14846447,938268
usual-usd0,stable,2026-02,28,1,18.8762,30.2501,0.3842,6964840,161623
usual-usd0,stable,2026-03,31,1,14.2666,25.4437,0.3593,6755312,145980
usual-usd0,stable,2026-04,30,1,14.0836,25.6071,0.3548,6864930,144486
usual-usd0,stable,2026-05,31,1,14.0072,20.5746,0.4050,8201669,143318
usual-usd0,stable,2026-06,30,1,13.7823,28.7045,0.3244,6186969,145968
usual-usd0,stable,2026-07,31,1,15.3013,33.6080,0.3129,5867001,167466
usual-usd0,stable,2026-08,31,1,20.5596,26.9769,0.4325,7017372,160781
usual-usd0,stable,2026-09,17,1,12.3125,20.5342,0.3748,8198124,78406
