project,month,days_t,net_tvl,borrowed,supply,util,days_f,fees,revenue,holders_rev,supply_side_rev,protocol_rev,pool_days,pools,base_apy_w,reward_apy_w,organic,avg_pool_tvl,incentives_usd,ann,inc_dep,inc_coc,rev_to_supply,net_to_protocol
aave-v3,2024-01,31,4809607657,2646359155,7455966811,0.3549,31,13139970,1697932,0,11442041,1697932,596.0,20.0,0.3742,0.0,1.0,220605720.0,0.0,11.774193548387096,0.0,0.0,0.26813129010319037,0.26813129010319037
aave-v3,2024-02,29,5707352940,3266816503,8974169443,0.364,29,15259172,1944273,0,13314900,1944273,580.0,20.0,0.3308,0.0,1.0,255755781.0,0.0,12.586206896551724,0.0,0.0,0.27268286382164436,0.27268286382164436
aave-v3,2024-03,31,8428978031,4751972307,13180950338,0.3605,31,33796048,4050939,0,29745104,4050939,708.0,24.0,0.3965,0.0007,0.9983,332446138.0,4315.0,11.774193548387096,0.0010651851336196372,0.00038544751219356515,0.3618596430122569,0.3614741955000634
aave-v3,2024-04,30,8636081545,4932992689,13569074234,0.3635,30,31536036,4148789,0,27387247,4148789,747.0,26.0,0.5656,0.0039,0.9931,312006589.0,24934.0,12.166666666666666,0.006009946516923372,0.002235699071544092,0.3719998281596351,0.3697641290880911
aave-v3,2024-05,31,9498953336,5384749469,14883702805,0.3618,31,26463905,3775870,0,22688053,3775870,824.0,27.0,0.5392,0.0033,0.994,329091936.0,24202.0,11.774193548387096,0.006409648637267703,0.0019145708295272863,0.2987013700556646,0.2967867992261373
aave-v3,2024-06,30,10811695596,7069099961,17880795557,0.3953,30,36857999,5682158,0,31175840,5682158,908.0,32.0,0.5062,0.0005,0.9991,330733085.0,3902.0,12.166666666666666,0.0006867109291927468,0.0002655045922425303,0.38663225085792713,0.3863667462656846
aave-v3,2024-07,31,11060339557,7543235370,18603574927,0.4055,31,33849274,4886450,0,28962827,4886450,1022.0,33.0,0.5109,0.0,1.0,309698790.0,0.0,11.774193548387096,0.0,0.0,0.30926318350251636,0.30926318350251636
aave-v3,2024-08,31,10423565659,7022829084,17446394743,0.4025,31,39934025,5236914,0,34697122,5236914,1023.0,33.0,0.45,0.0,1.0,283910086.0,0.0,11.774193548387096,0.0,0.0,0.3534279714552373,0.3534279714552373
aave-v3,2024-09,30,10573595769,7248809541,17822405310,0.4067,30,23628216,3577849,0,20050360,3577849,1014.0,36.0,0.414,0.0,1.0,277209023.0,0.0,12.166666666666666,0.0,0.0,0.24424591074832122,0.24424591074832122
aave-v3,2024-10,31,11745884940,8279565143,20025450083,0.4135,30,30529192,4329073,0,26200115,4329073,1093.0,36.0,0.289,0.0,1.0,294969172.0,0.0,12.166666666666666,0.0,0.0,0.2630172502908167,0.2630172502908167
aave-v3,2024-11,30,15809025610,10704662513,26513688122,0.4037,30,48625674,6877381,0,41748280,6877381,1073.0,36.0,0.2863,0.0,1.0,397627879.0,0.0,12.166666666666666,0.0,0.0,0.31559095732606374,0.31559095732606374
aave-v3,2024-12,31,20304367057,14516397727,34820764784,0.4169,31,91575592,12536561,0,79039029,12536561,1116.0,36.0,0.4772,0.0,1.0,480265452.0,0.0,11.774193548387096,0.0,0.0,0.42390767853837175,0.42390767853837175
aave-v3,2025-01,31,20569806300,14475091078,35044897378,0.413,31,77427537,10355920,0,67071634,10355920,1123.0,37.0,0.7329,0.0,1.0,478083204.0,0.0,11.774193548387096,0.0,0.0,0.34793255387917915,0.34793255387917915
aave-v3,2025-02,28,19280536450,12868982951,32149519401,0.4003,28,70183954,9134360,0,61049594,9134360,1036.0,37.0,0.7788,0.0,1.0,429548342.0,0.0,13.035714285714286,0.0,0.0,0.37037227728870314,0.37037227728870314
aave-v3,2025-03,31,17610087329,11130695250,28740782579,0.3873,31,43173483,6247076,0,36926410,6247076,1169.0,38.0,0.6143,0.0,1.0,391340784.0,0.0,11.774193548387096,0.0,0.0,0.2559230310911148,0.2559230310911148
aave-v3,2025-04,30,17744972089,10706898428,28451870517,0.3763,30,37491928,5202349,3030637,32289569,5202349,1140.0,38.0,0.4668,0.0,1.0,392590455.0,0.0,12.166666666666666,0.0,0.0,0.22246427042063102,0.22246427042063102
aave-v3,2025-05,31,22954665656,14537021507,37491687163,0.3877,31,45764370,6471160,4467515,39293214,6471160,1178.0,38.0,0.3862,0.0,1.0,494914469.0,0.0,11.774193548387096,0.0,0.0,0.20322555768515557,0.20322555768515557
aave-v3,2025-06,30,24642718809,16341751716,40984470526,0.3987,30,54582673,7713867,4063855,46868786,7713867,1171.0,40.0,0.3794,0.0,1.0,507168822.0,0.0,12.166666666666666,0.0,0.0,0.2289941709518036,0.2289941709518036
aave-v3,2025-07,31,29663071461,20292697647,49955769108,0.4062,31,75070467,10635214,3659464,64435254,10635214,1270.0,41.0,0.3892,0.0,1.0,586102045.0,0.0,11.774193548387096,0.0,0.0,0.2506638778672372,0.2506638778672372
aave-v3,2025-08,31,37098646499,26867708481,63966354979,0.42,31,107753988,15264443,3893658,92489552,15264443,1272.0,42.0,0.414,0.0,1.0,712287784.0,0.0,11.774193548387096,0.0,0.0,0.28097037317403245,0.28097037317403245
aave-v3,2025-09,30,40536843225,28993158093,69530001319,0.417,30,113032137,15335717,3852694,97696416,15335717,1269.0,45.0,0.4711,0.0,1.0,740714083.0,0.0,12.166666666666666,0.0,0.0,0.2683511481285512,0.2683511481285512
aave-v3,2025-10,31,40205501392,27199367096,67404868488,0.4035,31,114663890,15012641,3807209,99651252,15012641,1404.0,46.0,0.519,0.0,1.0,736397747.0,0.0,11.774193548387096,0.0,0.0,0.2622388334426025,0.2622388334426025
aave-v3,2025-11,30,31347460299,22620449895,53967910194,0.4191,30,95782744,12011840,3288105,83770913,12011840,1380.0,46.0,0.495,0.0,1.0,575736907.0,0.0,12.166666666666666,0.0,0.0,0.2707980590836019,0.2707980590836019
aave-v3,2025-12,31,30793850345,21490132296,52283982641,0.411,31,70140245,8675051,2735258,61465178,8675051,1455.0,47.0,0.5063,0.0,1.0,597389293.0,0.0,11.774193548387096,0.0,0.0,0.19535950468324048,0.19535950468324048
aave-v3,2026-01,31,32554389299,23019414135,55573803434,0.4142,31,80861986,10072762,2844382,70789218,10072762,1472.0,52.0,0.4547,0.0,1.0,614060488.0,0.0,11.774193548387096,0.0,0.0,0.21340747263355409,0.21340747263355409
aave-v3,2026-02,28,25949871317,17913386727,43863258044,0.4084,28,68890470,8644900,413512,60245558,8644900,1456.0,52.0,0.4795,0.0,1.0,444163084.0,0.0,13.035714285714286,0.0,0.0,0.2569176377995626,0.2569176377995626
aave-v3,2026-03,31,24494413971,16901578356,41395992326,0.4083,31,47350166,6201318,6155965,41148913,6201318,1615.0,55.0,0.4101,0.0,1.0,422395121.0,0.0,11.774193548387096,0.0,0.0,0.17638306097867634,0.17638306097867634
aave-v3,2026-04,30,20900433361,16001745358,36902178720,0.4336,30,63078118,8201577,20188,54876403,8201577,1619.0,55.0,0.3095,0.0524,0.8552,335958302.0,780828.0,12.166666666666666,0.09520461735590606,0.025743937972017926,0.27040640135949134,0.2446624633874734
aave-v3,2026-05,31,13799929337,11226504984,25026434322,0.4486,31,51827230,6479702,135368,45347599,6479702,1762.0,60.0,0.295,0.2451,0.5462,218047660.0,2580215.0,11.774193548387096,0.3981996394278626,0.12139144720167146,0.3048507210505965,0.18345927384892505
aave-v3,2026-06,30,12088535465,9833804383,21922339848,0.4486,30,39812574,4933720,576548,34878857,4933720,1819.0,62.0,0.4443,0.3277,0.5756,188241474.0,3073830.0,12.166666666666666,0.6230248169738047,0.17059431273898387,0.273816239885283,0.10322192714629914
aave-v3,2026-07,31,13308966052,10407601317,23716567369,0.4388,31,29051259,3777704,0,25273512,3777704,2001.0,65.0,0.4147,0.3199,0.5646,198789794.0,3486044.0,11.774193548387096,0.9227943745724917,0.17306617831990334,0.18754576652039162,0.014479588200488292
aave-v3,2026-08,31,15215111387,11489283375,26704394762,0.4302,31,32386035,4423235,0,27962807,4423235,2025.0,67.0,0.3634,0.1522,0.7048,225668076.0,1905044.0,11.774193548387096,0.43069020750649695,0.08399500147485704,0.1950241728530361,0.11102917137817904
compound-v3,2025-02,28,2048275232,900264665,2948539896,0.3053,18,2224136,0,0,2224136,0,140.0,5.0,3.8706,0.4417,0.8976,27692582.0,46918.0,20.27777777777778,,0.032266572993244584,0.0,-0.032266572993244584
compound-v3,2025-03,31,1822625643,786440631,2609066274,0.3014,31,3126719,0,0,3126719,0,155.0,5.0,3.6325,0.3824,0.9048,48341946.0,78494.0,11.774193548387096,,0.03542277011500309,0.0,-0.03542277011500309
compound-v3,2025-04,30,1737963585,728089106,2466052691,0.2952,30,2593628,0,0,2593628,0,150.0,5.0,3.2351,0.3771,0.8956,46904145.0,72681.0,12.166666666666666,,0.035858337627060866,0.0,-0.035858337627060866
compound-v3,2025-05,31,2057041845,861112475,2918154320,0.2951,31,2981084,0,0,2981084,0,155.0,5.0,3.1502,0.379,0.8926,27966040.0,45009.0,11.774193548387096,,0.018160269105280038,0.0,-0.018160269105280038
compound-v3,2025-06,30,2067094440,876659910,2943754350,0.2978,30,3074467,0,0,3074467,0,150.0,5.0,3.211,0.4206,0.8842,21235270.0,36704.0,12.166666666666666,,0.015169925212453047,0.0,-0.015169925212453047
compound-v3,2025-07,31,2293565328,970666681,3264232009,0.2974,31,4600104,0,0,4600104,0,145.0,5.0,4.3893,0.3586,0.9245,18844001.0,26846.0,11.774193548387096,,0.009683441591421512,0.0,-0.009683441591421512
compound-v3,2025-08,31,2314695158,1005906470,3320601628,0.3029,31,3991858,0,0,3991858,0,155.0,5.0,3.6399,0.331,0.9167,21645237.0,30421.0,11.774193548387096,,0.010786682115530298,0.0,-0.010786682115530298
compound-v3,2025-09,30,2280683798,1049045995,3329729794,0.3151,30,4079581,0,0,4079581,0,150.0,5.0,3.2722,0.2328,0.9336,26547746.0,25394.0,12.166666666666666,,0.009278841000553973,0.0,-0.009278841000553973
compound-v3,2025-10,31,2248717720,1071228703,3319946424,0.3227,31,3807052,0,0,3807052,0,155.0,5.0,3.0979,0.218,0.9343,26984875.0,24984.0,11.774193548387096,,0.008860578275792778,0.0,-0.008860578275792778
compound-v3,2025-11,30,1713709901,869637407,2583347308,0.3366,30,2988007,0,0,2988007,0,150.0,5.0,3.2767,0.2715,0.9235,21918444.0,24459.0,12.166666666666666,,0.011519337685585402,0.0,-0.011519337685585402
compound-v3,2025-12,31,1645116864,833108802,2478225666,0.3362,31,2602246,0,0,2602246,0,155.0,5.0,2.8692,0.2348,0.9244,22115729.0,22052.0,11.774193548387096,,0.010477032809853574,0.0,-0.010477032809853574
compound-v3,2026-01,31,1681493348,836498634,2517991982,0.3322,31,2676997,0,0,2676997,0,155.0,5.0,2.8562,0.1319,0.9559,23937175.0,13409.0,11.774193548387096,,0.006270081970829825,0.0,-0.006270081970829825
compound-v3,2026-02,28,1275456743,590156125,1865612869,0.3163,28,1468925,0,0,1468925,0,140.0,5.0,2.3978,0.1111,0.9557,43668425.0,18601.0,13.035714285714286,,0.012997193868980085,0.0,-0.012997193868980085
compound-v3,2026-03,31,1296261617,535491217,1831752834,0.2923,31,1472023,0,0,1472023,0,155.0,5.0,2.2906,0.092,0.9614,47890907.0,18714.0,11.774193548387096,,0.012029038742271498,0.0,-0.012029038742271498
compound-v3,2026-04,30,1343341920,573066727,1916408647,0.299,30,1788662,0,0,1788662,0,150.0,5.0,2.514,0.0987,0.9622,38530194.0,15621.0,12.166666666666666,,0.00991727418353691,0.0,-0.00991727418353691
compound-v3,2026-05,31,1262733627,584358553,1847092180,0.3164,31,1821272,19702,0,1801572,19702,155.0,5.0,2.5705,0.1007,0.9623,26336698.0,11258.0,11.774193548387096,0.5714140696376002,0.007176353860571374,0.012558937978413324,0.00538258411784195
compound-v3,2026-06,30,1065153066,547336131,1612489197,0.3394,30,1590264,75325,0,1514941,75325,150.0,5.0,2.6663,0.0866,0.9685,24109857.0,8581.0,12.166666666666666,0.1139196813806837,0.006474596348360321,0.056834747691439355,0.05036015134307904
compound-v3,2026-07,31,1136675719,558934737,1695610455,0.3296,31,1804022,112265,0,1691741,112265,155.0,5.0,2.6183,0.0808,0.9701,23912552.0,8208.0,11.774193548387096,0.07311272435754687,0.005699574472437497,0.07795598539817197,0.07225641092573448
compound-v3,2026-08,31,1231666074,580373345,1812039419,0.3203,31,2142174,180260,0,1961922,180260,155.0,5.0,2.7953,0.0806,0.972,21588374.0,7391.0,11.774193548387096,0.04100188616442916,0.004802492904053597,0.11712858488495485,0.11232609198090127
sparklend,2024-07,31,2908004055,1635441920,4543445976,0.36,24,6399059,58096,0,6340958,58096,155.0,5.0,0.2729,0.0,1.0,581029786.0,0.0,15.208333333333334,0.0,0.0,0.019446546475967903,0.019446546475967903
sparklend,2024-08,31,2511758831,1554908358,4066667189,0.3824,31,9829270,313918,0,9515350,313918,155.0,5.0,0.2596,0.0,1.0,500522041.0,0.0,11.774193548387096,0.0,0.0,0.09088846267824205,0.09088846267824205
sparklend,2024-09,30,2314627403,1483191616,3797819019,0.3905,30,6672738,72405,0,6600337,72405,150.0,5.0,0.2775,0.0,1.0,450623994.0,0.0,12.166666666666666,0.0,0.0,0.02319561557812084,0.02319561557812084
sparklend,2024-10,31,2374226628,1489621899,3863848527,0.3855,31,6456437,70422,0,6386015,70422,186.0,6.0,0.2828,0.0,1.0,380221222.0,0.0,11.774193548387096,0.0,0.0,0.021459491806432196,0.021459491806432196
sparklend,2024-11,30,3633758656,2185824002,5819582658,0.3756,30,9977870,99522,0,9878345,99522,180.0,6.0,0.2379,0.0,1.0,598660911.0,0.0,12.166666666666666,0.0,0.0,0.020806491997076123,0.020806491997076123
sparklend,2024-12,31,4684644944,2765221392,7449866336,0.3712,31,18596707,135017,0,18461689,135017,186.0,6.0,0.2601,0.0,1.0,759841744.0,0.0,11.774193548387096,0.0,0.0,0.021338856546198583,0.021338856546198583
sparklend,2025-01,31,3683016711,2051607703,5734624414,0.3578,31,14603809,108576,0,14495225,108576,186.0,6.0,0.4523,0.0,1.0,589532866.0,0.0,11.774193548387096,0.0,0.0,0.02229256436722723,0.02229256436722723
sparklend,2025-02,28,3003994060,1719775170,4723769230,0.3641,28,9464781,118184,0,9346597,118184,168.0,6.0,0.4322,0.0,1.0,489905466.0,0.0,13.035714285714286,0.0,0.0,0.03261405843788134,0.03261405843788134
sparklend,2025-03,31,2378700033,1485438296,3864138329,0.3844,31,6546499,86076,0,6460423,86076,214.0,8.0,0.3607,0.0,1.0,342200819.0,0.0,11.774193548387096,0.0,0.0,0.02622772265332553,0.02622772265332553
sparklend,2025-04,30,2080105697,1333920070,3414025766,0.3907,30,6165792,205296,0,5960495,205296,224.0,8.0,0.2927,0.0,1.0,272036610.0,0.0,12.166666666666666,0.0,0.0,0.07316195515789789,0.07316195515789789
sparklend,2025-05,31,2877256403,1487981732,4365238136,0.3409,31,5240706,89761,0,5150948,89761,217.0,7.0,0.1656,0.0,1.0,390855519.0,0.0,11.774193548387096,0.0,0.0,0.024210898791084283,0.024210898791084283
sparklend,2025-06,30,3310445104,1641849474,4952294577,0.3315,30,5168099,287097,0,4881001,287097,210.0,7.0,0.1682,0.0,1.0,423585451.0,0.0,12.166666666666666,0.0,0.0,0.07053323354839681,0.07053323354839681
sparklend,2025-07,31,4137735649,2011471984,6149207633,0.3271,31,6897341,588223,0,6309123,588223,217.0,7.0,0.1955,0.0,1.0,542727083.0,0.0,11.774193548387096,0.0,0.0,0.11262998202313104,0.11262998202313104
sparklend,2025-08,31,5018438515,2252433243,7270871758,0.3098,31,7638691,653499,0,6985193,653499,238.0,8.0,0.2026,0.0,1.0,602722016.0,0.0,11.774193548387096,0.0,0.0,0.10582532556995511,0.10582532556995511
sparklend,2025-09,30,5271241590,2230098838,7501340428,0.2973,30,7227841,625879,0,6601962,625879,240.0,8.0,0.2119,0.0,1.0,598562313.0,0.0,12.166666666666666,0.0,0.0,0.10151333937922521,0.10151333937922521
sparklend,2025-10,31,5860202181,2482411032,8342613213,0.2976,31,9583290,677782,0,8905511,677782,248.0,8.0,0.216,0.0,1.0,642795018.0,0.0,11.774193548387096,0.0,0.0,0.09565751459239925,0.09565751459239925
sparklend,2025-11,30,4694865873,2016394155,6711260028,0.3004,30,6636420,452234,0,6184181,452234,240.0,8.0,0.2357,0.0,1.0,509848418.0,0.0,12.166666666666666,0.0,0.0,0.08198431159540423,0.08198431159540423
sparklend,2025-12,31,3331315388,1334470874,4665786262,0.286,31,4241481,262507,0,3978965,262507,248.0,8.0,0.1837,0.0,1.0,368444701.0,0.0,11.774193548387096,0.0,0.0,0.06624410232803012,0.06624410232803012
sparklend,2026-01,31,3501562779,1483214756,4984777536,0.2975,31,4803631,318455,0,4485172,318455,248.0,8.0,0.2063,0.0,1.0,392937512.0,0.0,11.774193548387096,0.0,0.0,0.07522002294731119,0.07522002294731119
sparklend,2026-02,28,2475824001,1284652831,3760476832,0.3416,28,3671317,257254,0,3414059,257254,224.0,8.0,0.2163,0.0,1.0,270020847.0,0.0,13.035714285714286,0.0,0.0,0.08917724513871285,0.08917724513871285
sparklend,2026-03,31,2084489566,982000678,3066490244,0.3202,31,2865898,176210,487032,2689689,176210,248.0,8.0,0.1804,0.0,1.0,223602418.0,0.0,11.774193548387096,0.0,0.0,0.06765815248298211,0.06765815248298211
sparklend,2026-04,30,2495393759,1201216374,3696610132,0.325,30,3739971,202479,383472,3537460,202479,241.0,9.0,0.1321,0.0,1.0,281311005.0,0.0,12.166666666666666,0.0,0.0,0.06664198852550242,0.06664198852550242
sparklend,2026-05,31,3371965045,1621808055,4993773100,0.3248,31,4696269,236863,325189,4459386,236863,261.0,9.0,0.219,0.0,1.0,375163347.0,0.0,11.774193548387096,0.0,0.0,0.055846966824576245,0.055846966824576245
sparklend,2026-06,30,3390879701,1603218381,4994098083,0.321,30,4547207,361401,600282,4185784,361401,270.0,9.0,0.2649,0.0,1.0,360351347.0,0.0,12.166666666666666,0.0,0.0,0.08804483666365348,0.08804483666365348
sparklend,2026-07,31,3593919188,1780118944,5374038132,0.3312,31,4842293,418292,192897,4423998,418292,279.0,9.0,0.2741,0.0,1.0,392311886.0,0.0,11.774193548387096,0.0,0.0,0.09164525533258601,0.09164525533258601
sparklend,2026-08,31,4037067219,1910818790,5947886008,0.3213,31,5051418,430266,892383,4621155,430266,279.0,9.0,0.276,0.0,1.0,444267495.0,0.0,11.774193548387096,0.0,0.0,0.0851737096924256,0.0851737096924256
morpho-blue,2024-02,29,63163664,41750426,104914090,0.3979,15,98602,0,0,98602,0,56.0,4.0,5.5962,3.3687,0.6242,10811374.0,55878.0,24.333333333333332,,1.296010859933113,0.0,-1.296010859933113
morpho-blue,2024-03,31,155203963,92185343,247389306,0.3726,31,940461,0,0,940461,0,124.0,4.0,11.4632,3.6529,0.7583,17855942.0,221589.0,11.774193548387096,,1.0546259320496045,0.0,-1.0546259320496045
morpho-blue,2024-04,30,596097334,337347185,933444520,0.3614,30,6698319,0,0,6698319,0,169.0,6.0,5.6129,1.3472,0.8064,19941259.0,124389.0,12.166666666666666,,0.16213063203799194,0.0,-0.16213063203799194
morpho-blue,2024-05,31,783715821,437109694,1220825515,0.358,31,5002338,0,0,5002338,0,214.0,13.0,12.5621,0.8439,0.937,23036346.0,113982.0,11.774193548387096,,0.10992939716141646,0.0,-0.10992939716141646
morpho-blue,2024-06,30,1012962282,615204527,1628166809,0.3779,30,5594876,0,0,5594876,0,467.0,19.0,7.1782,0.2081,0.9718,20386655.0,54270.0,12.166666666666666,,0.04055389142870065,0.0,-0.04055389142870065
morpho-blue,2024-07,31,1061363627,619207351,1680570978,0.3685,31,4567405,0,0,4567405,0,628.0,21.0,4.9511,0.2026,0.9607,20328429.0,70877.0,11.774193548387096,,0.04965690393643298,0.0,-0.04965690393643298
morpho-blue,2024-08,30,999593861,568834994,1568428855,0.3627,31,4036182,0,0,4036182,0,701.0,23.0,3.3233,0.123,0.9643,17968916.0,42457.0,11.774193548387096,,0.031872464848516885,0.0,-0.031872464848516885
morpho-blue,2024-09,27,954692840,560196878,1514889718,0.3698,30,2735512,0,0,2735512,0,707.0,27.0,4.4101,0.0529,0.9882,16546227.0,16950.0,12.166666666666666,,0.013613202172384141,0.0,-0.013613202172384141
morpho-blue,2024-10,31,1029327089,606714233,1636041322,0.3708,31,2638407,0,0,2638407,0,867.0,31.0,3.747,0.0854,0.9777,19421485.0,39406.0,11.774193548387096,,0.028359544757741873,0.0,-0.028359544757741873
morpho-blue,2024-11,30,1432273235,853302927,2285576162,0.3733,30,5933055,0,0,5933055,0,552.0,30.0,4.5563,0.0351,0.9924,22231387.0,11796.0,12.166666666666666,,0.006279291952118286,0.0,-0.006279291952118286
morpho-blue,2024-12,31,2566096487,1581808558,4147905044,0.3814,31,11805155,0,0,11805155,0,516.0,17.0,6.796,0.0,1.0,36678303.0,0.0,11.774193548387096,,0.0,0.0,0.0
morpho-blue,2025-01,31,3382494257,2174422319,5556916576,0.3913,31,10925567,0,0,10925567,0,596.0,21.0,6.6039,0.8349,0.8878,40118706.0,546965.0,11.774193548387096,,0.11589290006633972,0.0,-0.11589290006633972
morpho-blue,2025-02,28,3458205282,2128779019,5586984301,0.381,28,10041446,0,0,10041446,0,609.0,22.0,5.6817,1.6701,0.7728,32477574.0,905005.0,13.035714285714286,,0.2111583990853755,0.0,-0.2111583990853755
morpho-blue,2025-03,31,2991141624,1784689723,4775831347,0.3737,31,7093291,0,0,7093291,0,682.0,22.0,4.6875,0.9105,0.8373,34020757.0,578795.0,11.774193548387096,,0.14269440982499396,0.0,-0.14269440982499396
morpho-blue,2025-04,30,2651718228,1696235083,4347953311,0.3901,30,5623976,0,0,5623976,0,660.0,22.0,4.3714,0.5546,0.8874,30469648.0,305569.0,12.166666666666666,,0.08550588980017376,0.0,-0.08550588980017376
morpho-blue,2025-05,31,3203146622,1749728787,4952875409,0.3533,31,6348073,0,0,6348073,0,674.0,26.0,4.402,0.7959,0.8469,40649331.0,597432.0,11.774193548387096,,0.14202416614837163,0.0,-0.14202416614837163
morpho-blue,2025-06,30,3938856517,2150601030,6089457547,0.3532,30,8119317,0,0,8119317,0,854.0,29.0,4.4584,0.3581,0.9257,42124838.0,352924.0,12.166666666666666,,0.07051381233098636,0.0,-0.07051381233098636
morpho-blue,2025-07,31,5062362367,2686058011,7748420378,0.3467,31,12155427,0,0,12155427,0,891.0,29.0,4.9217,0.5079,0.9065,53732547.0,666207.0,11.774193548387096,,0.10123418424175647,0.0,-0.10123418424175647
morpho-blue,2025-08,31,6414744307,3258013255,9672757562,0.3368,31,19058274,0,0,19058274,0,924.0,30.0,5.293,0.6144,0.896,67144749.0,1044353.0,11.774193548387096,,0.12712418641759304,0.0,-0.12712418641759304
morpho-blue,2025-09,30,7632510213,4185803413,11818313627,0.3542,30,22810859,0,0,22810859,0,922.0,31.0,5.3347,0.3629,0.9363,78015583.0,715208.0,12.166666666666666,,0.07362892547929614,0.0,-0.07362892547929614
morpho-blue,2025-10,31,7502941837,4037789554,11540731392,0.3499,31,24149110,0,0,24149110,0,1053.0,35.0,4.8701,0.176,0.9651,82632572.0,419610.0,11.774193548387096,,0.04280984616160027,0.0,-0.04280984616160027
morpho-blue,2025-11,30,6631691271,3479636142,10111327413,0.3441,30,22933674,0,0,22933674,0,1067.0,36.0,4.5383,0.2915,0.9396,83695096.0,713199.0,12.166666666666666,,0.0858171647062261,0.0,-0.0858171647062261
morpho-blue,2025-12,31,5643891278,3031159112,8675050391,0.3494,31,12251372,0,0,12251372,0,1591.0,54.0,4.071,0.267,0.9384,49141628.0,571951.0,11.774193548387096,,0.07762792687844282,0.0,-0.07762792687844282
morpho-blue,2026-01,31,6410630944,3489384571,9900015515,0.3525,31,15646433,0,0,15646433,0,1759.0,62.0,3.7797,0.3295,0.9198,52676994.0,836430.0,11.774193548387096,,0.09947750783577856,0.0,-0.09947750783577856
morpho-blue,2026-02,28,5689028955,3153590469,8842619424,0.3566,28,17736154,0,0,17736154,0,1742.0,63.0,3.1667,0.5492,0.8522,46344914.0,1214710.0,13.035714285714286,,0.17907151422827083,0.0,-0.17907151422827083
morpho-blue,2026-03,31,6549488352,3752045465,10301533817,0.3642,31,11341144,0,0,11341144,0,2070.0,69.0,2.8216,0.844,0.7698,54349151.0,2601297.0,11.774193548387096,,0.2973166413752375,0.0,-0.2973166413752375
morpho-blue,2026-04,30,6961426581,3803106317,10764532898,0.3533,30,14551230,0,0,14551230,0,2182.0,77.0,3.3738,0.8129,0.8058,50174734.0,2438364.0,12.166666666666666,,0.275597299772403,0.0,-0.275597299772403
morpho-blue,2026-05,31,7375131893,3807078292,11182210185,0.3405,31,15284204,0,0,15284204,0,2396.0,80.0,3.3786,0.7554,0.8173,46337163.0,2297757.0,11.774193548387096,,0.2419399671225308,0.0,-0.2419399671225308
morpho-blue,2026-06,30,6726951101,3580784343,10307735444,0.3474,30,18769112,0,0,18769112,0,2525.0,90.0,3.5231,0.8572,0.8043,42313293.0,2509271.0,12.166666666666666,,0.2961801260732215,0.0,-0.2961801260732215
morpho-blue,2026-07,31,7265382469,3880758640,11146141109,0.3482,31,14886554,0,0,14886554,0,3831.0,201.0,2.3665,0.7232,0.7659,48765737.0,3701548.0,11.774193548387096,,0.3910119399569963,0.0,-0.3910119399569963
morpho-blue,2026-08,31,8432704192,4471507138,12904211330,0.3465,31,18420464,0,0,18420464,0,6478.0,220.0,1.4015,0.6782,0.6739,56592179.0,6811764.0,11.774193548387096,,0.6215259940410126,0.0,-0.6215259940410126
venus-core-pool,2024-01,31,943346519,595402015,1538748534,0.3869,31,10673339,2276585,2276585,8396756,0,310.0,10.0,2.7235,0.0475,0.9829,87764434.0,35405.0,11.774193548387096,0.01555180237065605,0.02709119218440439,1.7419969427801798,1.7149057505957754
venus-core-pool,2024-02,29,1055739527,612825296,1668564823,0.3673,29,10166859,2063213,2063213,8103642,0,290.0,10.0,2.6375,0.0405,0.9849,100664546.0,32357.0,12.586206896551724,0.01568282092057388,0.024407316451721943,1.5563090706278886,1.5319017541761666
venus-core-pool,2024-03,31,1565019765,760296269,2325316034,0.327,31,11161893,1840627,1840627,9321270,0,310.0,10.0,1.1978,0.0359,0.9709,149637693.0,45661.0,11.774193548387096,0.024807307509886578,0.0231203605768842,0.931997983564719,0.9088776229878347
venus-core-pool,2024-04,30,1644019674,856239357,2500259032,0.3425,30,14716599,3210342,3210342,11506259,0,300.0,10.0,1.5549,0.0282,0.9822,156475706.0,36227.0,12.166666666666666,0.011284467511561074,0.017628646779880255,1.5622045756097482,1.5445759288298677
venus-core-pool,2024-05,31,1682933922,796382829,2479316751,0.3212,31,5751542,972597,972597,4778945,0,310.0,10.0,1.1439,0.0224,0.9808,160187037.0,30517.0,11.774193548387096,0.03137681897024153,0.014492422735868857,0.46188311025454143,0.44739068751867256
venus-core-pool,2024-06,30,1716834694,830700645,2547535339,0.3261,30,5953628,1025673,1025673,4927954,0,300.0,10.0,1.1332,0.0184,0.984,164739641.0,24882.0,12.166666666666666,0.02425919371963579,0.011883289521661077,0.48984684565351183,0.4779635561318508
venus-core-pool,2024-07,31,1585698153,645370466,2231068619,0.2893,31,3330234,400474,400474,2929760,0,310.0,10.0,0.5672,0.0172,0.9705,153316398.0,22439.0,11.774193548387096,0.05603110314277581,0.011841909602523886,0.2113452874977116,0.1995033778951877
venus-core-pool,2024-08,31,1524411923,637997832,2162409755,0.295,31,3828597,576348,576348,3252242,0,310.0,10.0,0.7834,0.0185,0.977,147417070.0,23101.0,11.774193548387096,0.0400816867586944,0.012578358219683962,0.313818085935605,0.30123972771592106
venus-core-pool,2024-09,30,1617938202,619772843,2237711044,0.277,30,3805265,600203,600203,3205062,0,300.0,10.0,0.8645,0.0083,0.9904,157765770.0,10812.0,12.166666666666666,0.018013905295375065,0.00587859636089815,0.32633658634851576,0.32045798998761754
venus-core-pool,2024-10,31,1692315631,569341434,2261657065,0.2517,31,4678584,736995,736995,3941587,0,317.0,11.0,0.8156,0.0,1.0,158700461.0,0.0,11.774193548387096,0.0,0.0,0.38367982080402396,0.38367982080402396
venus-core-pool,2024-11,30,1808877852,637158091,2446035943,0.2605,30,6856244,1098321,1098321,5757925,0,330.0,11.0,0.8934,0.0,1.0,158610022.0,0.0,12.166666666666666,0.0,0.0,0.5463086320641201,0.5463086320641201
venus-core-pool,2024-12,31,1842072500,731332655,2573405155,0.2842,31,8186163,1488106,1488106,6698053,0,341.0,11.0,1.2611,0.0,1.0,158324142.0,0.0,11.774193548387096,0.0,0.0,0.6808585127170201,0.6808585127170201
venus-core-pool,2025-01,31,1815813885,784637004,2600450889,0.3017,31,7016278,1286749,1286749,5729526,0,341.0,11.0,1.3261,0.0,1.0,155356823.0,0.0,11.774193548387096,0.0,0.0,0.5826078792058875,0.5826078792058875
venus-core-pool,2025-02,28,1799852959,717608791,2517461749,0.2851,28,4159031,590461,590461,3568569,0,308.0,11.0,0.9643,0.0,1.0,151658904.0,0.0,13.035714285714286,0.0,0.0,0.30574768001597724,0.30574768001597724
venus-core-pool,2025-03,31,1652236328,691947301,2344183629,0.2952,31,4402144,727026,727026,3675120,0,341.0,11.0,1.1745,0.0,1.0,140986017.0,0.0,11.774193548387096,0.0,0.0,0.3651652853817314,0.3651652853817314
venus-core-pool,2025-04,30,1613374472,660725664,2274100136,0.2905,30,3401332,531968,531968,2869365,0,330.0,11.0,1.0624,0.0,1.0,139181845.0,0.0,12.166666666666666,0.0,0.0,0.28460828223323814,0.28460828223323814
venus-core-pool,2025-05,31,1709794165,657538392,2367332557,0.2778,31,2693390,350601,350601,2342787,0,341.0,11.0,0.3783,0.0,1.0,145759567.0,0.0,11.774193548387096,0.0,0.0,0.17437533311708958,0.17437533311708958
venus-core-pool,2025-06,30,1598912775,652710936,2251623711,0.2899,30,2081440,300830,300830,1780593,0,364.0,13.0,0.3004,0.0,1.0,124188810.0,0.0,12.166666666666666,0.0,0.0,0.16255373024597417,0.16255373024597417
venus-core-pool,2025-07,31,1771307389,737130427,2508437816,0.2939,31,2490403,390702,390702,2099702,0,403.0,13.0,0.1304,0.0,1.0,129445230.0,0.0,11.774193548387096,0.0,0.0,0.18338907739309632,0.18338907739309632
venus-core-pool,2025-08,31,1900943807,796664498,2697608305,0.2953,31,2713147,382857,382857,2330280,0,403.0,13.0,0.1227,0.0,1.0,138846795.0,0.0,11.774193548387096,0.0,0.0,0.1671047798525679,0.1671047798525679
venus-core-pool,2025-09,30,1936848172,876161664,2813009836,0.3115,30,2848036,426840,426806,2421233,127,388.0,14.0,0.2795,0.0,1.0,141644945.0,0.0,12.166666666666666,0.0,0.0,0.18461435625069034,0.18461435625069034
venus-core-pool,2025-10,31,2043176254,1026784473,3069960727,0.3345,31,3164035,602128,601760,2562259,528,401.0,13.0,0.4986,0.0,1.0,150241522.0,0.0,11.774193548387096,0.0,0.0,0.2309336256503592,0.2309336256503592
venus-core-pool,2025-11,30,1679302100,789640646,2468942746,0.3198,30,2097484,387082,387082,1710387,0,390.0,13.0,0.498,0.0,1.0,121720745.0,0.0,12.166666666666666,0.0,0.0,0.19074956980256627,0.19074956980256627
venus-core-pool,2025-12,31,1505952341,715168528,2221120869,0.322,31,1711284,279247,111696,1432024,167550,403.0,13.0,0.4158,0.0,1.0,110734663.0,0.0,11.774193548387096,0.0,0.0,0.14802923477490643,0.14802923477490643
venus-core-pool,2026-01,31,1653898575,769088185,2422986759,0.3174,31,1868205,281062,112422,1587136,168630,422.0,14.0,0.2915,0.0,1.0,116512495.0,0.0,11.774193548387096,0.0,0.0,0.13657847591633387,0.13657847591633387
venus-core-pool,2026-02,28,1328617586,543898195,1872515781,0.2905,28,1101531,161728,64684,939793,97027,392.0,14.0,0.2306,0.0,1.0,91245774.0,0.0,13.035714285714286,0.0,0.0,0.11258863724363988,0.11258863724363988
venus-core-pool,2026-03,31,1250233505,512482722,1762716227,0.2907,31,1121741,171838,68731,949892,103096,434.0,14.0,0.2539,0.0,1.0,86318850.0,0.0,11.774193548387096,0.0,0.0,0.11478046437520778,0.11478046437520778
venus-core-pool,2026-04,30,1188611895,474558301,1663170196,0.2853,30,949955,146152,58455,803800,87687,420.0,14.0,0.3567,0.0,1.0,82183497.0,0.0,12.166666666666666,0.0,0.0,0.10691525563308413,0.10691525563308413
venus-core-pool,2026-05,31,1185748988,462094550,1647843538,0.2804,31,926179,160491,60823,765686,99671,434.0,14.0,0.3521,0.0,1.0,81889683.0,0.0,11.774193548387096,0.0,0.0,0.1146742426206118,0.1146742426206118
venus-core-pool,2026-06,30,1040272816,400063304,1440336120,0.2778,30,1016985,350760,98977,666222,251771,420.0,14.0,0.3538,0.0,1.0,71487735.0,0.0,12.166666666666666,0.0,0.0,0.2962905630666264,0.2962905630666264
venus-core-pool,2026-07,31,1034292605,381080137,1415372742,0.2692,31,856382,200198,73475,656192,126737,434.0,14.0,0.3366,0.0,1.0,71632723.0,0.0,11.774193548387096,0.0,0.0,0.16654058185896586,0.16654058185896586
venus-core-pool,2026-08,31,1133098252,413652232,1546750483,0.2674,31,1031574,345853,109952,685706,235909,434.0,14.0,0.3279,0.0,1.0,79010654.0,0.0,11.774193548387096,0.0,0.0,0.26327065716457404,0.26327065716457404
fluid-lending,2024-02,10,19301496,20964207,40265704,0.5206,7,6129,990,0,6129,0,,,,,,,0.0,52.142857142857146,0.0,0.0,0.1282019769763086,0.1282019769763086
fluid-lending,2024-03,31,71278311,89297803,160576114,0.5561,31,604534,2475,0,582795,0,,,,,,,0.0,11.774193548387096,0.0,0.0,0.018147860417308433,0.018147860417308433
fluid-lending,2024-04,30,145427346,199275506,344702852,0.5781,30,3952111,69631,0,3855005,51843,,,,,,,0.0,12.166666666666666,0.0,0.0,0.2457702806203259,0.2457702806203259
fluid-lending,2024-05,31,310133334,285613299,595746633,0.4794,31,3785545,319314,0,3200162,295592,4.0,2.0,13.2522,0.0,1.0,52825556.0,0.0,11.774193548387096,0.0,0.0,0.6310845299749562,0.6310845299749562
fluid-lending,2024-06,30,402870298,350670442,753540741,0.4654,30,3751646,322053,0,3291004,310009,60.0,2.0,12.4419,0.0,1.0,58870554.0,0.0,12.166666666666666,0.0,0.0,0.519986682445349,0.519986682445349
fluid-lending,2024-07,31,371343081,319449878,690792959,0.4624,31,1585091,165373,0,1295591,149166,62.0,2.0,11.671,0.0,1.0,67567322.0,0.0,11.774193548387096,0.0,0.0,0.2818693624926509,0.2818693624926509
fluid-lending,2024-08,31,365553920,298530523,664084442,0.4495,31,1145756,110154,0,1009873,107287,62.0,2.0,10.6084,0.0,1.0,67596993.0,0.0,11.774193548387096,0.0,0.0,0.19530265040135245,0.19530265040135245
fluid-lending,2024-09,30,395459274,342350848,737810121,0.464,30,1011258,101950,0,850689,94826,60.0,2.0,8.4474,0.0,1.0,74648448.0,0.0,12.166666666666666,0.0,0.0,0.16811800643036537,0.16811800643036537
fluid-lending,2024-10,31,411309677,335106110,746415787,0.449,31,1195066,123300,0,1071768,123300,164.0,8.0,5.8955,2.0783,0.7394,35680019.0,333179.0,11.774193548387096,2.7021816707218167,0.5255668624085605,0.19449723462455773,-0.33106962778400284
fluid-lending,2024-11,30,495438071,475540372,970978443,0.4898,30,2349690,334115,0,1953335,326819,270.0,9.0,7.8572,4.2298,0.6501,27077814.0,847234.0,12.166666666666666,2.5357556529937297,1.0616109699426834,0.41865665119955014,-0.6429543187431332
fluid-lending,2024-12,31,671386034,646456418,1317842452,0.4905,31,3973410,568423,0,3404981,568423,317.0,28.0,9.1157,3.8929,0.7007,36251636.0,1225664.0,11.774193548387096,2.156253353576474,1.0950630053986392,0.5078545169946338,-0.5872084884040056
fluid-lending,2025-01,31,769444809,721016118,1490460928,0.4838,31,4010852,430392,0,3356464,405128,869.0,29.0,3.5717,1.4378,0.713,37141947.0,1271422.0,11.774193548387096,2.9541023067343257,1.004385182358663,0.33999674962814047,-0.6643884327305224
fluid-lending,2025-02,28,857211490,713012675,1570224164,0.4541,28,3228031,459019,0,2769017,459019,838.0,30.0,2.7253,1.4714,0.6494,34549954.0,1167178.0,13.035714285714286,2.5427662035776297,0.9689698628642062,0.3810691920872953,-0.5879006707769111
fluid-lending,2025-03,31,797507520,631133524,1428641043,0.4418,31,2196782,213858,0,1982918,213858,930.0,30.0,1.9241,1.3764,0.583,31574639.0,1107328.0,11.774193548387096,5.177865686577075,0.9126081220633381,0.1762517951033672,-0.7363563269599709
fluid-lending,2025-04,30,756755507,570310398,1327065905,0.4298,30,1836337,207020,0,1629303,207020,900.0,30.0,1.7163,1.6718,0.5066,28293588.0,1166344.0,12.166666666666666,5.633967732586224,1.069315292722155,0.18979790859243972,-0.8795173841297154
fluid-lending,2025-05,31,926719072,800996375,1727715447,0.4636,31,4381562,340069,0,4041495,340069,930.0,30.0,1.7107,1.3586,0.5574,36450764.0,1261807.0,11.774193548387096,3.7104440569413852,0.8599077969990319,0.23175333836130546,-0.6281544586377263
fluid-lending,2025-06,30,988900898,980259063,1969159961,0.4978,30,4207197,367531,0,3839678,367531,930.0,32.0,2.0314,1.0766,0.6536,39970245.0,1096381.0,12.166666666666666,2.9830980243843377,0.6774107960174326,0.22708298234927735,-0.45032781366815533
fluid-lending,2025-07,31,1165786363,1137055913,2302842276,0.4938,31,4125921,560565,0,3565356,560565,946.0,36.0,2.062,1.1868,0.6347,47403303.0,1458149.0,11.774193548387096,2.601213061821555,0.7455364497740832,0.28661106647373413,-0.45892538330034915
fluid-lending,2025-08,31,1355594606,1408118904,2763713509,0.5095,31,5575804,672553,0,4903252,672553,974.0,37.0,2.3786,1.2932,0.6478,52573484.0,1814293.0,11.774193548387096,2.697620856646242,0.772939628724877,0.2865264133840577,-0.48641321534081927
fluid-lending,2025-09,30,1508399581,1558941226,3067340807,0.5082,30,6254614,967603,0,5287007,967603,978.0,33.0,2.638,1.244,0.6795,53136005.0,1771146.0,12.166666666666666,1.8304469911730328,0.7025284882209047,0.3838016023456068,-0.31872688587529796
fluid-lending,2025-10,31,2180957125,2021537305,4202494430,0.481,31,8734804,1058161,1650393,7676632,1058161,1023.0,33.0,1.9989,1.2442,0.6163,53068923.0,1850671.0,11.774193548387096,1.7489503015136638,0.5185053522697256,0.2964666016072468,-0.22203875066247875
fluid-lending,2025-11,30,1762678586,1608317112,3370995699,0.4771,30,7496852,889808,892451,6607051,889808,1038.0,37.0,2.2199,1.0713,0.6745,40298130.0,1227671.0,12.166666666666666,1.3797032618272707,0.4430935298364298,0.3211513244156569,-0.12194220542077291
fluid-lending,2025-12,31,1593470165,1493633048,3087103213,0.4838,31,5366650,725449,669961,4641195,725449,1023.0,33.0,1.9848,0.7809,0.7177,42492064.0,929992.0,11.774193548387096,1.2819536590442608,0.3546984033556384,0.27668582312099943,-0.07801258023463895
fluid-lending,2026-01,31,1567695403,1450958033,3018653436,0.4807,31,5101906,821420,729271,4280479,821420,1023.0,33.0,1.803,0.6944,0.7219,44139503.0,859084.0,11.774193548387096,1.0458523045457866,0.33508388772597675,0.32039312460233443,-0.014690763123642378
fluid-lending,2026-02,28,1216403445,1014023533,2230426978,0.4546,28,3121325,576679,319207,2544639,576679,951.0,35.0,1.6515,0.6646,0.713,33559903.0,581136.0,13.035714285714286,1.0077287364374288,0.3396445134435985,0.33703962302824286,-0.0026048904153556456
fluid-lending,2026-03,31,947175713,879050000,1826225713,0.4813,31,2765345,445100,484025,2320240,445100,1094.0,42.0,1.6606,0.6242,0.7268,31482938.0,589038.0,11.774193548387096,1.3233835093237474,0.37976945401572265,0.28696855547926986,-0.0928008985364528
fluid-lending,2026-04,30,762500867,817015120,1579515987,0.5173,30,3165847,492542,0,2673307,492542,1234.0,42.0,2.4983,0.5227,0.827,25381748.0,448523.0,12.166666666666666,0.9106289412882557,0.34548747073449737,0.3793943450180054,0.033906874283507964
fluid-lending,2026-05,31,807204307,825535744,1632740051,0.5056,31,3044015,412770,0,2631244,412770,1167.0,46.0,2.1312,0.4818,0.8156,25682687.0,395602.0,11.774193548387096,0.958407830026407,0.28528083899676643,0.29766121483889185,0.012380375842125382
fluid-lending,2026-06,30,598193306,673165958,1271359264,0.5295,30,2976355,372590,0,2603761,372590,1431.0,50.0,2.5015,0.3885,0.8656,19980597.0,304312.0,12.166666666666666,0.8167476314447516,0.29122080371034026,0.35656155279593205,0.0653407490855918
fluid-lending,2026-07,31,640017490,740969604,1380987094,0.5366,31,3267646,360441,0,2907209,360441,1550.0,50.0,2.3979,0.1019,0.9592,20927188.0,90567.0,11.774193548387096,0.2512671976828385,0.07721675254821564,0.307309323542034,0.23009257099381838
fluid-lending,2026-08,31,694086253,785552679,1479638932,0.5309,31,3284157,388962,0,2895190,388962,1550.0,50.0,2.2734,0.0531,0.9772,22423456.0,50561.0,11.774193548387096,0.1299895619623511,0.040233802120583834,0.30951563735738075,0.2692818352367969
euler-v2,2024-08,3,3510333,2650,3512983,0.0008,2,11,1,0,10,1,,,,,,,0.0,182.5,0.0,0.0,0.0051950151765607746,0.0051950151765607746
euler-v2,2024-09,27,4575533,1292764,5868297,0.2203,30,2092,176,0,1915,176,18.0,3.0,0.6005,0.0,1.0,810650.0,0.0,12.166666666666666,0.0,0.0,0.03648985955096228,0.03648985955096228
euler-v2,2024-10,31,7531037,3887993,11419030,0.3405,31,11225,869,95,10352,869,93.0,3.0,1.0509,0.0,1.0,639373.0,0.0,11.774193548387096,0.0,0.0,0.08960283135737787,0.08960283135737787
euler-v2,2024-11,30,35509347,20049243,55558590,0.3609,30,73478,6301,3374,67176,6301,113.0,4.0,0.9314,0.0,1.0,2791299.0,0.0,12.166666666666666,0.0,0.0,0.13798436329407684,0.13798436329407684
euler-v2,2024-12,31,70143114,48586158,118729272,0.4092,31,409798,26415,18712,383383,26415,130.0,5.0,1.5743,0.0,1.0,3336289.0,0.0,11.774193548387096,0.0,0.0,0.2619533644412855,0.2619533644412855
euler-v2,2025-01,31,137516997,100691772,238208769,0.4227,31,1055918,43657,39074,1012261,43657,169.0,6.0,2.6117,0.0,1.0,3078785.0,0.0,11.774193548387096,0.0,0.0,0.21578801229686695,0.21578801229686695
euler-v2,2025-02,28,206195798,146791336,352987134,0.4159,28,898255,38872,27728,859384,38872,164.0,6.0,2.0891,0.0,1.0,4178319.0,0.0,13.035714285714286,0.0,0.0,0.1435531884610519,0.1435531884610519
euler-v2,2025-03,31,438617925,366366145,804984070,0.4551,31,1902940,86327,64265,1816625,86327,190.0,8.0,2.136,0.0,1.0,5685815.0,0.0,11.774193548387096,0.0,0.0,0.1262671951323972,0.1262671951323972
euler-v2,2025-04,30,655114471,558105960,1213220431,0.46,30,2454285,120181,98852,2334087,120181,238.0,8.0,2.319,0.0,1.0,11037517.0,0.0,12.166666666666666,0.0,0.0,0.12052238235564848,0.12052238235564848
euler-v2,2025-05,31,891223728,814159682,1705383411,0.4774,31,4383468,213598,173564,4169884,213598,346.0,13.0,1.4389,0.3374,0.81,11598256.0,37101.0,11.774193548387096,0.17369544658657854,0.02561502310982135,0.1474708958306143,0.12185587272079296
euler-v2,2025-06,30,1054312284,995060241,2049372525,0.4855,30,5080274,217224,165730,4863052,217224,390.0,13.0,1.4421,0.2456,0.8545,12597102.0,33056.0,12.166666666666666,0.15217471365963245,0.01962460843146774,0.12896103406090115,0.1093364256294334
euler-v2,2025-07,31,1138195076,1289858878,2428053953,0.5312,31,7247310,301095,238619,6946226,301095,403.0,13.0,1.9545,0.2514,0.886,9276481.0,25748.0,11.774193548387096,0.08551453860077385,0.012485798971200661,0.14600790901171595,0.13352211004051528
euler-v2,2025-08,31,1314553281,1426414160,2740967442,0.5204,31,8479473,345778,243452,8133692,345778,424.0,14.0,2.1575,0.1913,0.9185,7237659.0,16085.0,11.774193548387096,0.04651828629930187,0.006909527647932071,0.14853358104113495,0.14162405339320286
euler-v2,2025-09,30,1584632726,1510307914,3094940639,0.488,30,9875314,643722,495289,9231577,643722,412.0,18.0,1.9634,0.2218,0.8985,6506244.0,16292.0,12.166666666666666,0.02530906198638543,0.006404624723186277,0.2530565821298132,0.24665195740662688
euler-v2,2025-10,31,1820185427,1734774697,3554960124,0.488,31,11612861,818808,712649,10794054,818808,528.0,18.0,2.1882,3.3524,0.3949,6184489.0,299921.0,11.774193548387096,0.3662897773348575,0.09933523246534752,0.271193024244672,0.17185779177932448
euler-v2,2025-11,30,1112815241,1302601250,2415416491,0.5393,30,8547831,534021,360064,8013802,534021,559.0,19.0,2.7034,5.2871,0.3383,8486554.0,687176.0,12.166666666666666,1.2867958376168727,0.3461366337642237,0.2689911046069777,-0.07714552915724601
euler-v2,2025-12,31,1022345641,1119352348,2141697989,0.5226,31,4983098,303777,169496,4679295,303777,586.0,19.0,1.731,4.9148,0.2605,13764931.0,1086135.0,11.774193548387096,3.575435269951313,0.5971133080088734,0.16700436811907501,-0.4301089398897984
euler-v2,2026-01,31,863054546,966631190,1829685736,0.5283,31,3928885,233523,115955,3695369,233523,559.0,21.0,1.7879,5.0053,0.2632,16047231.0,1230137.0,11.774193548387096,5.2677337992403315,0.7916043090927969,0.1502741670824284,-0.6413301420103686
euler-v2,2026-02,28,532608156,764102717,1296710874,0.5893,28,2815175,160464,130983,2654599,160464,605.0,23.0,1.9623,4.4654,0.3053,14323140.0,1060135.0,13.035714285714286,6.606684365340513,1.0657438941385569,0.16131297262051472,-0.904430921518042
euler-v2,2026-03,31,511196405,781388860,1292585265,0.6045,31,2679023,153394,88310,2525221,153394,802.0,28.0,1.7556,3.7473,0.319,10715097.0,882255.0,11.774193548387096,5.751561338774659,0.8036484253928314,0.13972700247060996,-0.6639214229222214
euler-v2,2026-04,30,444198923,783452652,1227651575,0.6382,30,2716086,155335,46891,2560571,155335,863.0,30.0,1.9896,3.0228,0.3969,7568436.0,540914.0,12.166666666666666,3.482241606849712,0.5360739535021029,0.1539450773454729,-0.3821288761566299
euler-v2,2026-05,31,355031161,737559594,1092590754,0.6751,31,2335444,99753,0,2235396,99753,913.0,30.0,1.8383,2.4894,0.4248,4743281.0,295362.0,11.774193548387096,2.9609335057592254,0.31829386640029256,0.10749780965401232,-0.21079605674628027
euler-v2,2026-06,30,276291005,660475864,936766869,0.7051,30,2069923,62281,0,2007757,62281,1001.0,34.0,1.7199,1.3173,0.5663,2637889.0,95300.0,12.166666666666666,1.53016168654967,0.12377501507617188,0.0808901543962126,-0.04288486067995928
euler-v2,2026-07,31,304978984,592174031,897153015,0.6601,31,2195210,68053,0,2127086,68053,1168.0,42.0,2.3103,1.5651,0.5961,3202849.0,160410.0,11.774193548387096,2.3571334107239945,0.21052132195050074,0.08931243390497741,-0.12120888804552334
euler-v2,2026-08,31,359120784,591311992,950432776,0.6222,22,1634857,51840,1,1583016,51840,1292.0,44.0,2.6524,1.3471,0.6632,3712323.0,177016.0,16.59090909090909,3.4146604938271605,0.3090020081163913,0.09049274698758149,-0.21850926112880983
moonwell-lending,2024-06,30,123935444,153549447,277484891,0.5534,30,860708,175622,10226,685089,165396,110.0,5.0,1.9936,3.633,0.3543,14889163.0,163018.0,12.166666666666666,0.9282322260309073,0.7147724906819041,0.7700362804017798,0.05526378971987583
moonwell-lending,2024-07,31,110388290,131115477,241503767,0.5429,31,1042104,259678,0,782428,259678,155.0,5.0,3.3727,2.8703,0.5402,11520432.0,140423.0,11.774193548387096,0.540758169733285,0.6846135781580422,1.266025400033642,0.5814118218755996
moonwell-lending,2024-08,31,86501711,93609514,180111225,0.5197,31,974092,266488,0,707600,266488,257.0,11.0,4.168,1.1306,0.7866,5122762.0,40781.0,11.774193548387096,0.15303128095824203,0.26659270520023065,1.7420798122507803,1.4754871070505495
moonwell-lending,2024-09,30,88312606,99606688,187919294,0.5301,30,707767,178208,0,529550,178208,337.0,12.0,4.1527,0.8284,0.8337,4230287.0,32357.0,12.166666666666666,0.18156872867660262,0.20949250337931416,1.1537917619748683,0.9442992585955543
moonwell-lending,2024-10,31,121881681,155182039,277063720,0.5601,31,865251,199497,0,665754,199497,382.0,13.0,2.9837,1.1737,0.7177,6633528.0,81483.0,11.774193548387096,0.40844223221401826,0.34627291256438253,0.8477891982113647,0.5015162856469821
moonwell-lending,2024-11,30,177155990,280659835,457815825,0.613,30,1395829,241221,0,1154607,241221,390.0,13.0,1.359,1.2412,0.5227,11141504.0,147755.0,12.166666666666666,0.6125295890490463,0.39266572607736594,0.6410559311705749,0.24839020509320894
moonwell-lending,2024-12,31,210624772,302363255,512988027,0.5894,31,2063508,377006,0,1686505,377006,403.0,13.0,0.6526,0.6166,0.5142,13641724.0,92874.0,11.774193548387096,0.24634621199662604,0.21316607680063912,0.8653109583984939,0.652144881597855
moonwell-lending,2025-01,31,183150264,252286545,435436809,0.5794,31,1734267,331156,0,1403116,331156,424.0,15.0,0.4156,0.5296,0.4397,11208387.0,68959.0,11.774193548387096,0.2082372054258416,0.18646485462905038,0.8954444727959775,0.708979618166927
moonwell-lending,2025-02,28,147585198,193525359,341110557,0.5673,28,1699004,418846,0,1280161,418846,397.0,16.0,0.3966,0.3857,0.507,7596917.0,31870.0,13.035714285714286,0.07609001876584712,0.12179283395374783,1.6006413972447902,1.4788485632910422
moonwell-lending,2025-03,31,122035204,144491707,266526911,0.5421,31,670330,136928,0,533403,136928,496.0,16.0,0.4045,0.3639,0.5265,6133961.0,30329.0,11.774193548387096,0.22149596868427202,0.13398253661861267,0.6048983076960467,0.470915771077434
moonwell-lending,2025-04,30,112083232,137670598,249753830,0.5512,30,744170,166006,0,578169,166006,448.0,16.0,0.5259,0.4294,0.5505,5532613.0,29159.0,12.166666666666666,0.175650277700806,0.14204700417740673,0.8086921696722995,0.6666451654948928
moonwell-lending,2025-05,31,152018726,198043334,350062060,0.5657,31,737849,124028,0,613828,124028,496.0,16.0,0.5395,0.5325,0.5033,7481553.0,54137.0,11.774193548387096,0.4364901473860741,0.18208757502284945,0.41716308171738314,0.23507550669453367
moonwell-lending,2025-06,30,161208782,217500817,378709599,0.5743,30,795158,132761,0,662398,132761,288.0,16.0,0.5088,0.5311,0.4892,8193607.0,34339.0,12.166666666666666,0.2586527670023576,0.11031966651224667,0.4265164753147261,0.3161968088024794
moonwell-lending,2025-07,31,183032539,231922675,414955214,0.5589,31,821717,121863,0,699854,121863,459.0,17.0,0.5394,0.4964,0.5207,9028530.0,56365.0,11.774193548387096,0.46252759246038583,0.15993350534326306,0.34578154460473814,0.1858480392614751
moonwell-lending,2025-08,31,203099105,208841950,411941054,0.507,31,1336844,266511,0,1070339,266511,527.0,17.0,0.4671,0.3803,0.5513,9762354.0,53599.0,11.774193548387096,0.20111365009324192,0.1531978893271463,0.7617478438490847,0.6085499545219384
moonwell-lending,2025-09,30,188236226,167289653,355525879,0.4705,30,953291,169221,0,784076,169221,510.0,17.0,0.4538,0.2824,0.6165,9108063.0,35933.0,12.166666666666666,0.21234362165452278,0.12296849797911148,0.5791014442580142,0.4561329462789027
moonwell-lending,2025-10,31,172168218,135386184,307554401,0.4402,31,2162143,557294,0,1604850,557294,425.0,17.0,0.4465,0.3429,0.5656,8463034.0,33786.0,11.774193548387096,0.060625091962231786,0.12934391507075407,2.13350464113659,2.0041607260658356
moonwell-lending,2025-11,30,112438233,79754215,192192448,0.415,30,836971,180067,0,656904,180067,492.0,17.0,0.735,0.3268,0.6923,5149546.0,22682.0,12.166666666666666,0.12596422442757418,0.14358750107253607,1.139906999190034,0.996319498117498
moonwell-lending,2025-12,31,87584577,66809166,154393743,0.4327,31,312284,60901,0,251376,60901,527.0,17.0,0.5203,0.2588,0.6678,3978328.0,14865.0,11.774193548387096,0.2440846619924139,0.1133617099345627,0.4644360239976322,0.3510743140630695
moonwell-lending,2026-01,31,87829712,63458105,151287816,0.4195,31,412097,99793,0,312306,99793,527.0,17.0,0.4888,0.2285,0.6814,3811926.0,12578.0,11.774193548387096,0.12604090467267243,0.09789010798570381,0.7766534859450899,0.6787633779593861
moonwell-lending,2026-02,28,56692381,37974185,94666566,0.4011,28,1285580,356428,0,929150,356428,476.0,17.0,0.7689,0.2531,0.7523,2045886.0,6753.0,13.035714285714286,0.01894632296003681,0.0929897241349481,4.908061808673373,4.815072084538423
moonwell-lending,2026-03,31,48869377,31912882,80782259,0.395,31,219214,55774,0,163430,55774,527.0,17.0,0.9207,0.2892,0.7609,1603720.0,6697.0,11.774193548387096,0.12007386954494927,0.09761026142330134,0.8129184292404374,0.715308167817136
moonwell-lending,2026-04,30,47048022,32523323,79571346,0.4087,30,196096,50486,0,145616,50486,510.0,17.0,0.7977,0.2885,0.7344,1637760.0,6603.0,12.166666666666666,0.1307887335102801,0.10096159489371966,0.7719441283968392,0.6709825335031196
moonwell-lending,2026-05,31,48732401,33976752,82709152,0.4108,31,130921,29047,0,101873,29047,522.0,18.0,0.4915,0.2571,0.6566,1859828.0,6838.0,11.774193548387096,0.23541157434502702,0.09734344209437787,0.41350321183319594,0.31615976973881804
moonwell-lending,2026-06,30,45700377,29928857,75629234,0.3957,30,201182,44796,0,156380,44796,523.0,18.0,0.26,0.1491,0.6355,1877679.0,4011.0,12.166666666666666,0.08953924457540852,0.06452597417554169,0.7206446121085929,0.6561186379330511
moonwell-lending,2026-07,31,48230122,31673844,79903966,0.3964,31,145894,23361,0,122524,23361,548.0,18.0,0.2996,0.1344,0.6903,1819711.0,3672.0,11.774193548387096,0.15718505200975985,0.05410850158511208,0.34423439693077434,0.29012589534566224
moonwell-lending,2026-08,31,44192076,32579130,76771206,0.4244,31,405604,68027,0,337582,68027,558.0,18.0,0.8087,0.0819,0.908,1671119.0,2093.0,11.774193548387096,0.030767195378305672,0.03209977852474298,1.0433118173448115,1.0112120388200685
